Date,Index,x,Diff,Fluctuations,Transaction_amount,Individual,Foreign,Agency,Financial_Investment,Insurance,Commit,Fund,Bank,Other_finance,Pension,National_municipality,Corp_etc,Foreign_etc
2022/02/09,2768.85,6,22.38,0.0081,101578,-4587,2346,1966,1959,1,-149,1,22,-14,145,0,233,40
2022/02/08,2746.47,6,1.41,0.0005,117858,455,-938,393,647,-190,-156,-219,31,39,241,0,111,-22
2022/02/07,2745.06,4,-5.2,-0.0019,112919,8108,-69,-8324,-7516,186,234,-441,5,-14,-779,0,284,0
2022/02/04,2750.26,6,42.44,0.0157,113932,-4148,1944,2143,-1396,227,643,814,66,-30,1818,0,101,-41
2022/02/03,2707.82,6,44.48,0.0167,124725,-1339,838,496,-1091,224,403,-467,80,11,1336,0,4,0
2022/01/28,2663.34,6,48.85,0.0187,137530,2735,-7066,3923,549,781,927,916,44,-2,706,0,351,56
2022/01/27,2614.49,4,-94.75,-0.035,205488,-1393,-17141,18477,1032,1516,2003,1778,0,-84,12230,0,-28,86
2022/01/26,2709.24,4,-11.15,-0.0041,89787,2217,-2425,-157,2578,-865,-233,-31,20,-22,-1603,0,357,7
2022/01/25,2720.39,4,-71.61,-0.0256,117009,5733,-4410,-1680,-241,-10,-72,116,8,-23,-1457,0,257,100
2022/01/24,2792,4,-42.29,-0.0149,93044,-1376,-4356,5935,7810,-819,-144,-353,17,-20,-555,0,-197,-5
2022/01/21,2834.29,4,-28.39,-0.0099,107181,8957,-2225,-6434,-1955,-580,-470,-1468,18,2,-1981,0,-318,20
2022/01/20,2862.68,6,20.4,0.0072,88720,1461,-2783,1091,2906,21,-199,-605,-15,4,-1020,0,221,9
2022/01/19,2842.28,4,-21.96,-0.0077,96490,-293,343,-119,1539,-73,-274,108,-228,1,-1192,0,66,2
2022/01/18,2864.24,4,-25.86,-0.0089,100409,1999,133,-2274,-332,-257,-587,-672,-39,-4,-380,0,117,23
2022/01/17,2890.1,4,-31.82,-0.0109,103965,4814,-2526,1781,292,-498,-794,-819,4348,10,-757,0,292,-4361
2022/01/14,2921.92,4,-40.17,-0.0136,107997,8069,-2456,-5953,-4965,-292,-342,-101,0,-106,-144,0,335,5
2022/01/13,2962.09,4,-10.39,-0.0035,114589,-934,3734,-3031,-1787,-303,92,721,3,-10,-1747,0,268,-38
2022/01/12,2972.48,6,45.1,0.0154,108953,-10728,4579,6055,5953,-323,161,4,-92,29,323,0,122,-28
2022/01/11,2927.38,6,0.66,0.0002,106465,-2189,4820,-2619,-1136,-450,329,-375,-34,-11,-940,0,-19,7
2022/01/10,2926.72,4,-28.17,-0.0095,103978,5728,-879,-4999,-2872,-1,-168,-592,-14,-6,-1342,0,90,59
2022/01/07,2954.89,6,34.36,0.0118,105824,-2441,6547,-3357,-3834,59,439,593,-12,1,-603,0,-755,6
2022/01/06,2920.53,4,-33.44,-0.0113,132971,2847,1793,-4854,-3621,-393,954,-146,-294,62,-1415,0,195,17
2022/01/05,2953.97,4,-35.27,-0.0118,154284,6983,6203,-13221,-10545,-569,121,-1449,0,15,-794,0,63,-27
2022/01/04,2989.24,6,0.47,0.0002,99914,6457,883,-7453,-7639,-78,448,-67,25,16,-157,0,92,20
2022/01/03,2988.77,6,11.12,0.0037,81938,5229,2615,-8110,-6744,-259,164,-870,-13,-10,-375,0,226,38
2021/12/30,2977.65,4,-15.64,-0.0052,87274,9536,-2184,-7605,-9288,101,1111,959,-21,0,-468,0,206,46
2021/12/29,2993.29,4,-26.95,-0.0089,109086,18519,-1278,-17360,-14941,-806,287,-618,-313,-85,-881,0,64,55
2021/12/28,3020.24,6,20.69,0.0069,120968,-19975,4527,15188,14541,711,48,326,-56,-343,-38,0,298,-38
2021/12/27,2999.55,4,-12.88,-0.0043,82803,-5442,516,4362,4100,191,-80,412,20,-158,-123,0,594,-29
2021/12/24,3012.43,6,14.26,0.0048,85834,-11324,1950,9161,8088,-29,106,1044,-7,-239,199,0,268,-56
2021/12/23,2998.17,6,13.69,0.0046,93196,-8208,2350,5786,5874,-54,-125,530,22,-230,-230,0,160,-89
2021/12/22,2984.48,6,9.45,0.0032,88356,-4997,4232,612,687,-88,-32,300,-2,-82,-170,0,224,-72
2021/12/21,2975.03,6,12.03,0.0041,91085,-6476,328,6017,5878,-174,-77,239,-6,-72,229,0,164,-35
2021/12/20,2963,4,-54.73,-0.0181,86213,10860,-5595,-5749,-2872,-93,-661,-987,-36,-33,-1062,0,433,51
2021/12/17,3017.73,6,11.32,0.0038,116500,-5272,5318,-137,1411,-133,-240,-1087,1,-36,-53,0,91,0
2021/12/16,3006.41,6,17.02,0.0057,85243,-1692,1872,-515,964,-363,-402,-420,-21,-6,-266,0,373,-37
2021/12/15,2989.39,6,1.44,0.0005,82530,1667,-222,-1700,-361,-123,-353,-192,-45,56,-681,0,257,-2
2021/12/14,2987.95,4,-13.71,-0.0046,98567,-375,1814,-1877,-1698,-176,-192,-599,-11,-40,840,0,420,18
2021/12/13,3001.66,4,-8.57,-0.0028,86294,-3683,-1339,4687,3864,-71,531,-367,-31,18,744,0,380,-45
2021/12/10,3010.23,4,-19.34,-0.0064,84348,149,-2807,2394,-815,-112,2393,-57,-19,-34,1039,0,342,-79
2021/12/09,3029.57,6,27.77,0.0093,126140,-5076,3259,6368,9623,468,-1236,-49,-24,-17,-2395,0,-4553,1
2021/12/08,3001.8,6,10.08,0.0034,111152,-6862,-798,8026,8948,-278,-180,-235,-13,-26,-186,0,-375,9
2021/12/07,2991.72,6,18.47,0.0062,102156,-1395,2121,-756,-1136,-161,620,625,22,-19,-706,0,77,-46
2021/12/06,2973.25,6,4.92,0.0017,96574,-1678,47,1520,587,-12,268,-116,5,-28,816,0,137,-27
2021/12/03,2968.33,6,23.06,0.0078,103443,-2654,1547,886,-959,23,287,99,21,-122,1537,0,252,-31
2021/12/02,2945.27,6,45.55,0.0157,119184,-9198,8887,28,-115,-33,290,-460,2,-19,365,0,318,-36
2021/12/01,2899.72,6,60.71,0.0214,125344,-10106,9438,-1109,-1365,48,803,283,-2133,19,1233,0,1793,-15
2021/11/30,2839.01,4,-70.31,-0.0242,198522,7337,-1340,-6399,-4314,-54,-279,-802,41,33,-1023,0,394,8
2021/11/29,2909.32,4,-27.12,-0.0092,130927,-7619,455,7143,6814,21,709,49,-56,-34,-359,0,79,-58
2021/11/26,2936.44,4,-43.83,-0.0147,119012,4880,-1807,-3709,-2759,-200,-188,79,-56,-22,-561,0,597,38
2021/11/25,2980.27,4,-14.02,-0.0047,94010,2012,-925,-1503,-576,28,-148,-700,-91,-2,-12,0,437,-20
2021/11/24,2994.29,4,-3.04,-0.001,109634,2393,3185,-5931,-5129,12,-708,-376,-14,40,244,0,360,-8
2021/11/23,2997.33,4,-15.92,-0.0053,108305,3801,2823,-6960,-5624,-7,-1013,-76,-4,33,-266,0,359,-24
2021/11/22,3013.25,6,42.23,0.0142,129455,-13691,7969,5671,5632,-81,-227,-209,-33,48,541,0,63,-12
2021/11/19,2971.02,6,23.64,0.008,110021,-3542,2323,749,1244,-160,-135,-90,12,7,-127,0,464,5
2021/11/18,2947.38,4,-15.04,-0.0051,101193,2213,-471,-1973,-304,-136,-592,-359,9,-37,-553,0,216,15
2021/11/17,2962.42,4,-34.79,-0.0116,106616,7259,1032,-8757,-6267,-137,-535,-590,111,-337,-1000,0,400,65
2021/11/16,2997.21,4,-2.31,-0.0008,111012,-1456,6477,-5171,807,-47,-308,-334,20,-4666,-642,0,140,9
2021/11/15,2999.52,6,30.72,0.0103,114020,-8136,3996,4147,4120,-21,-272,-135,-6,-5,468,0,6,-14
2021/11/12,2968.8,6,43.88,0.015,124729,-10401,4324,5945,4280,-43,410,165,44,42,1044,0,186,-53
2021/11/11,2924.92,4,-5.25,-0.0018,134683,1314,862,-2426,16,104,-625,-528,39,-23,-1409,0,227,22
2021/11/10,2930.17,4,-32.29,-0.0109,96632,2341,-208,-2349,-740,12,-437,-288,0,15,-911,0,185,31
2021/11/09,2962.46,6,2.26,0.0008,96849,-1564,-1355,2740,4021,17,-199,-61,19,32,-1089,0,197,-18
2021/11/08,2960.2,4,-9.07,-0.0031,103880,3641,-1167,-2760,12,107,-619,-1286,-26,-19,-928,0,293,-6
2021/11/05,2969.27,4,-13.95,-0.0047,126697,3261,1165,-4450,-1656,55,-293,-551,-17,38,-2024,0,165,-142
2021/11/04,2983.22,6,7.51,0.0025,146585,-6954,3541,3373,4638,-155,-421,449,24,67,-1229,0,106,-67
2021/11/03,2975.71,4,-37.78,-0.0125,124382,8391,-4469,-4204,-5525,25,-81,-35,-24,-47,1484,0,256,25
2021/11/02,3013.49,6,34.55,0.0116,96629,-10752,3224,7654,8565,-636,-66,162,-8,-43,-318,0,-67,-57
2021/11/01,2978.94,6,8.26,0.0028,94107,-2657,-3562,6368,7643,-9,-331,-207,-34,-39,-652,0,-124,-23
2021/10/29,2970.68,4,-38.87,-0.0129,110356,12565,-8057,-4758,-3478,24,-145,-364,0,-8,-786,0,198,52
2021/10/28,3009.55,4,-15.94,-0.0053,123676,3401,-2481,-1145,-1124,-238,246,127,30,-44,-142,0,228,-3
2021/10/27,3025.49,4,-23.59,-0.0077,102206,6141,-2885,-3490,-1841,-166,-341,-453,-30,-8,-649,0,194,40
2021/10/26,3049.08,6,28.54,0.0094,95126,-4751,1072,3473,2874,20,-9,229,7,26,325,0,216,-11
2021/10/25,3020.54,6,14.38,0.0048,104892,-3046,383,2588,3387,-263,-324,93,23,13,-342,0,93,-19
2021/10/22,3006.16,4,-1.17,-0.0004,90472,-673,-1088,1854,2464,87,-186,-87,8,34,-464,0,-101,8
2021/10/21,3007.33,4,-5.8,-0.0019,105723,-1597,537,1181,1811,-127,-66,168,-324,15,-295,0,-111,-9
2021/10/20,3013.13,4,-15.91,-0.0053,111782,2832,-695,-2114,147,-278,-540,-409,-25,6,-1014,0,-28,5
2021/10/19,3029.04,6,22.36,0.0074,101120,-3276,1487,1838,3831,-354,-160,-208,-1,-7,-1260,0,-17,-31
2021/10/18,3006.68,4,-8.38,-0.0028,106499,4241,359,-4885,-3276,-478,-246,-515,-8,-19,-340,0,251,33
2021/10/15,3015.06,6,26.42,0.0088,125409,-3003,868,2133,1254,-44,330,260,-21,17,337,0,6,-5
2021/10/14,2988.64,6,44.23,0.015,120645,-1150,-3845,5036,4623,-18,899,-459,-56,9,38,0,-37,-3
2021/10/13,2944.41,6,28.03,0.0096,122945,-5332,-2710,7724,5883,125,825,271,9,-176,785,0,318,0
2021/10/12,2916.38,4,-39.92,-0.0135,127676,9793,-8242,-1999,-1998,-387,-14,-34,0,-51,487,0,411,36
2021/10/08,2956.3,4,-3.16,-0.0011,126340,4617,-485,-4527,-3563,-164,387,-336,-6,29,-872,0,373,22
2021/10/07,2959.46,6,51.15,0.0176,119067,-5316,-1049,6143,5823,-73,615,-35,18,-7,-198,0,244,-20
2021/10/06,2908.31,4,-53.86,-0.0182,156685,1718,-2769,834,889,-22,424,-19,-7,-47,-381,0,207,8
2021/10/05,2962.17,4,-57.01,-0.0189,153155,3529,-6206,2361,3067,-167,167,-331,-47,33,-360,0,340,-25
2021/10/01,3019.18,4,-49.64,-0.0162,129440,7608,-3034,-4872,-3609,-156,-359,-671,26,174,-277,0,264,34
2021/09/30,3068.82,6,8.55,0.0028,149428,1435,372,-2177,-2227,-205,281,369,-29,240,-605,0,351,17
2021/09/29,3060.27,4,-37.65,-0.0122,151370,9604,-6624,-3125,-3005,-33,636,-356,-6,22,-382,0,119,26
2021/09/28,3097.92,4,-35.72,-0.0114,146587,5610,40,-5516,-5112,-723,142,465,6,-11,-282,0,-154,19
2021/09/27,3133.64,6,8.4,0.0027,122669,-3415,3427,83,970,-347,-167,-278,-12,2,-84,0,-60,-33
2021/09/24,3125.24,4,-2.34,-0.0007,125582,2483,826,-3418,-2067,-266,-301,-502,-66,53,-267,0,100,8
2021/09/23,3127.58,4,-12.93,-0.0041,140091,-3106,5769,-2361,-5,-236,-973,-1148,-39,-156,199,0,-241,-60
2021/09/17,3140.51,6,10.42,0.0033,149376,2230,538,-3020,-4043,-217,1410,69,-52,-42,-142,0,258,-8
2021/09/16,3130.09,4,-23.31,-0.0074,122595,4592,206,-5160,-3790,-518,-728,52,-15,3,-164,0,307,53
2021/09/15,3153.4,6,4.57,0.0015,121626,-1845,2981,-1405,-1237,-251,-187,-12,-17,-14,314,0,312,-41
2021/09/14,3148.83,6,20.97,0.0067,157872,-12951,2984,7636,5840,81,782,1003,-25,22,-69,0,2375,-45
2021/09/13,3127.86,6,2.1,0.0007,135054,-3355,1424,1996,1782,80,426,29,-21,4,-305,0,-85,20
2021/09/10,3125.76,6,11.06,0.0036,135664,2790,-5178,2383,3013,10,503,115,-16,64,-1309,0,0,4
2021/09/09,3114.7,4,-48.29,-0.0153,177871,12027,-3195,-9314,-9551,1082,1585,-709,-48,14,-1688,0,459,22
2021/09/08,3162.99,4,-24.43,-0.0077,173027,4269,-2232,-1831,-91,-94,-716,155,-22,-19,-1041,0,-208,2
2021/09/07,3187.42,4,-15.91,-0.005,119433,4336,-3111,-1202,-1450,27,49,-61,0,-28,260,0,-29,6
2021/09/06,3203.33,6,2.27,0.0007,123134,-965,620,457,298,60,-123,130,59,34,-2,0,-114,2
2021/09/03,3201.06,6,25.21,0.0079,131109,-4694,5881,-766,-287,-115,202,555,-39,-271,-809,0,-383,-36
2021/09/02,3175.85,4,-31.17,-0.0097,153783,9412,5481,-14902,-3551,-468,-254,-117,12,-39,-10483,0,-4,13
2021/09/01,3207.02,6,7.75,0.0024,135379,-1030,775,-315,-375,-579,331,279,18,-46,54,0,598,-27
2021/08/31,3199.27,6,55.08,0.0175,158636,-9938,11229,-1346,-1612,-261,133,413,3,11,-33,0,51,3
2021/08/30,3144.19,6,10.29,0.0033,117587,-576,-2338,2526,1526,-53,607,467,85,-10,-95,0,416,-27
2021/08/27,3133.9,6,5.37,0.0017,110399,-3439,-3717,7320,6291,12,226,282,252,30,224,0,-172,9
2021/08/26,3128.53,4,-18.28,-0.0058,133352,4400,-3641,-814,-1006,-36,361,12,-2,-74,-69,0,45,9
2021/08/25,3146.81,6,8.51,0.0027,133655,-266,1619,3449,-105,-298,3338,316,-3,-27,227,0,-4816,14
2021/08/24,3138.3,6,48.09,0.0156,149460,-3532,1545,2314,633,8,127,904,-147,63,724,0,-318,-9
2021/08/23,3090.21,6,29.7,0.0097,134240,-5763,-278,6095,4570,138,545,597,-35,-32,311,0,-29,-23
2021/08/20,3060.51,4,-37.32,-0.012,164505,2712,-2570,-162,-70,6,-78,-312,56,-100,336,0,-11,32
2021/08/19,3097.83,4,-61.1,-0.0193,171708,8024,-2710,-3296,-1538,-39,-829,-584,-28,-63,-213,0,-2062,44
2021/08/18,3158.93,6,15.84,0.005,167526,-1287,-2622,4100,2755,-26,241,210,11,-13,920,0,-218,28
2021/08/17,3143.09,4,-28.2,-0.0089,222415,5869,-4164,-1276,-799,124,432,-668,-7,-24,-333,0,-384,-44
2021/08/13,3171.29,4,-37.09,-0.0116,202019,28040,-26989,-1655,-2079,-57,-262,-63,90,-2,719,0,540,63
2021/08/12,3208.38,4,-12.24,-0.0038,204039,18308,-18841,522,1492,-33,218,8,29,-26,-1166,0,-7,18
2021/08/11,3220.62,4,-22.57,-0.007,191934,17855,-16214,-1925,2725,-311,-878,-1611,-66,-92,-1690,0,203,80
2021/08/10,3243.19,4,-17.23,-0.0053,216579,15415,-6375,-3832,-1456,-118,-550,-916,-42,-293,-456,0,-5209,2
2021/08/09,3260.42,4,-9.94,-0.003,157325,9496,-2031,-7526,-4235,-82,-359,-969,-137,-18,-1724,0,35,26
2021/08/06,3270.36,4,-5.77,-0.0018,154554,1911,523,-2343,-1436,0,-138,-228,-97,-49,-393,0,-136,45
2021/08/05,3276.13,4,-4.25,-0.0013,118777,-2521,681,1845,3835,-167,66,-256,-83,-1,-1548,0,3,-8
2021/08/04,3280.38,6,43.24,0.0134,123571,-17765,9122,8892,7858,0,144,1106,-25,-42,-149,0,-201,-47
2021/08/03,3237.14,6,14.1,0.0044,124913,-6700,6667,-347,2234,-196,-837,-164,-45,26,-1365,0,419,-38
2021/08/02,3223.04,6,20.72,0.0065,102379,-4877,-1455,6254,7760,-49,-687,-103,-18,10,-657,0,95,-16
2021/07/30,3202.32,4,-40.33,-0.0124,128082,12547,-7183,-5712,-2880,-211,-864,-32,0,-9,-1713,0,282,65
2021/07/29,3242.65,6,5.79,0.0018,104913,-175,-2291,2583,2359,-243,493,435,-31,11,-441,0,-147,30
2021/07/28,3236.86,6,4.33,0.0013,119792,1396,-4222,3000,4092,-21,-186,-164,-33,-11,-673,0,-186,11
2021/07/27,3232.53,6,7.58,0.0024,123484,-2759,461,2236,2334,16,71,-346,-80,-12,254,0,93,-32
2021/07/26,3224.95,4,-29.47,-0.0091,122124,7240,-3779,-3381,-700,45,-1112,-905,-22,4,-691,0,-104,25
2021/07/23,3254.42,6,4.21,0.0013,132093,-882,1116,-145,3867,-3087,-344,77,44,-54,-649,0,-91,2
2021/07/22,3250.21,6,34.3,0.0107,130392,-8791,598,8161,8307,-169,6,12,-24,-31,60,0,49,-17
2021/07/21,3215.91,4,-16.79,-0.0052,148647,7366,-4985,-2813,-1773,-202,126,104,-9,-51,-1007,0,370,62
2021/07/20,3232.7,4,-11.34,-0.0035,152923,370,-1729,1520,1702,-91,18,103,-49,-12,-150,0,-83,-77
2021/07/19,3244.04,4,-32.87,-0.01,128552,9359,-4581,-4557,-2442,-24,-631,-406,-47,-35,-970,0,-258,38
2021/07/16,3276.91,4,-9.31,-0.0028,147813,6936,-925,-5715,-3531,-17,-801,-856,-55,-211,-242,0,-320,26
2021/07/15,3286.22,6,21.41,0.0066,136839,-3397,1006,2075,2221,-96,344,-138,-1,-12,-241,0,318,-2
2021/07/14,3264.81,4,-6.57,-0.002,129931,6056,-2740,-3158,-1967,41,-114,-547,-29,-21,-519,0,-172,14
2021/07/13,3271.38,6,24.91,0.0077,134944,-5620,2651,3060,2694,-24,254,-288,2,-19,442,0,-153,60
2021/07/12,3246.47,6,28.52,0.0089,112800,-2295,372,2182,1370,-57,302,108,-18,-18,497,0,-280,21
2021/07/09,3217.95,4,-34.73,-0.0107,164731,18005,-13421,-5083,-4322,-68,-47,-446,51,17,-265,0,409,89
2021/07/08,3252.68,4,-32.66,-0.0099,168706,10941,-4982,-6255,-2214,-190,-337,-683,5,-26,-2808,0,298,-2
2021/07/07,3285.34,4,-19.87,-0.006,145070,11631,-3404,-8345,-4012,-259,-749,-1363,0,14,-1975,0,95,23
2021/07/06,3305.21,6,12,0.0036,146863,-2929,2237,696,1398,-40,257,112,-41,-26,-964,0,-6,1
2021/07/05,3293.21,6,11.43,0.0035,145299,-2632,15,2634,2110,65,2,41,-1,9,405,0,-9,-7
2021/07/02,3281.78,4,-0.28,-0.0001,154378,3534,-1215,-2225,-986,-107,158,-502,-30,0,-758,0,-96,3
2021/07/01,3282.06,4,-14.62,-0.0044,160759,12660,-4088,-8303,-5871,109,-349,-136,13,-3,-2066,0,-300,31
2021/06/30,3296.68,6,10,0.003,156466,310,70,-505,-446,94,235,-703,-18,7,324,0,156,-30
2021/06/29,3286.68,4,-15.21,-0.0046,155095,12320,679,-8928,-4126,59,-235,-3958,-1140,56,416,0,-4099,28
2021/06/28,3301.89,4,-0.95,-0.0003,137960,3988,-867,-3055,-1867,-234,-401,346,-41,-68,-788,0,-84,18
2021/06/25,3302.84,6,16.74,0.0051,186186,-8189,2484,5884,5667,11,-138,-83,-31,-17,475,0,-146,-33
2021/06/24,3286.1,6,9.91,0.003,214265,-458,-1016,1349,3397,-91,-388,-451,-733,11,-395,0,137,-11
2021/06/23,3276.19,6,12.31,0.0038,178652,827,-96,-293,1287,145,-756,-718,-416,42,121,0,-435,-1
2021/06/22,3263.88,6,23.09,0.0071,155120,-3825,3629,-71,-196,-242,144,105,-16,-172,306,0,272,-4
2021/06/21,3240.79,4,-27.14,-0.0083,172912,19769,-9018,-10824,-6155,-420,-324,-1456,-45,-92,-2329,0,-26,99
2021/06/18,3267.93,6,2.97,0.0009,174927,8859,-7110,-1788,1972,-629,-372,-1267,-42,-1277,-170,0,1,39
2021/06/17,3264.96,4,-13.72,-0.0042,146721,10355,-3216,-7131,-5033,41,-983,-511,-7,-349,-287,0,-97,90
2021/06/16,3278.68,6,20.05,0.0062,162979,-3259,2874,327,287,-132,-179,82,-3,-226,500,0,66,-8
2021/06/15,3258.63,6,6.5,0.002,148382,1993,-1210,-359,-453,-16,153,-520,-51,-296,824,0,-444,20
2021/06/14,3252.13,6,2.81,0.0009,152624,3514,-101,-3330,-2625,30,-113,-201,-41,-207,-172,0,-81,-1
2021/06/11,3249.32,6,24.68,0.0077,179562,-4713,1765,2667,-313,64,1040,196,5,-47,1719,0,281,0
2021/06/10,3224.64,6,8.46,0.0026,191705,3875,7172,-11249,-8485,49,3,770,0,-334,-3251,0,197,4
2021/06/09,3216.18,4,-31.65,-0.0097,171647,7870,-3247,-4584,-2605,-202,-582,-715,-27,30,-481,0,8,-47
2021/06/08,3247.83,4,-4.29,-0.0013,193521,-447,-2037,2619,3735,-98,70,-179,-4,-4,-899,0,-112,-23
2021/06/07,3252.12,6,12.04,0.0037,190232,613,-1873,1216,1314,-85,-268,24,0,-29,262,0,3,40
2021/06/04,3240.08,4,-7.35,-0.0023,160510,4698,1754,-6584,-6130,87,-572,-233,17,69,177,0,130,1
2021/06/03,3247.43,6,23.2,0.0072,168904,-6835,2420,4481,3498,46,-81,40,2,-108,1084,0,-8,-57
2021/06/02,3224.23,6,2.36,0.0007,177408,3109,335,-3154,-2279,-625,192,-121,-90,-20,-209,0,-317,26
2021/06/01,3221.87,6,17.95,0.0056,152708,-6217,-530,6778,6161,-99,-156,398,-33,-28,535,0,-21,-8
2021/05/31,3203.92,6,15.19,0.0048,140174,2476,5204,-7741,-6693,-93,176,330,-463,-14,-984,0,72,-12
2021/05/28,3188.73,6,23.22,0.0073,135332,-8947,1428,7371,5778,179,442,634,-81,-70,488,0,129,18
2021/05/27,3165.51,4,-2.92,-0.0009,206823,155,-2428,2353,2735,-3,464,-264,-484,-291,197,0,-61,-18
2021/05/26,3168.43,4,-2.89,-0.0009,131730,-2398,-174,2870,2626,-19,313,202,-35,-4,-212,0,-284,-12
2021/05/25,3171.32,6,27.02,0.0086,117280,-9678,714,8837,7952,61,88,425,-25,91,242,0,158,-31
2021/05/24,3144.3,4,-12.12,-0.0038,116040,1760,-2207,369,682,-152,143,-340,-3,-234,275,0,103,-25
2021/05/21,3156.42,4,-5.86,-0.0019,147894,594,-1303,568,1119,-65,-14,-179,-7,-41,-243,0,189,-47
2021/05/20,3162.28,4,-10.77,-0.0034,137196,8222,-5158,-2818,-896,-303,-133,-260,0,-851,-373,0,-289,43
2021/05/18,3173.05,6,38.53,0.0123,138986,-6398,-3500,9740,9634,2,209,-235,-75,-14,219,0,130,27
2021/05/17,3134.52,4,-18.8,-0.006,145525,7197,-6022,-1443,-893,-71,-111,-121,-398,88,63,0,246,22
2021/05/14,3153.32,6,31.21,0.01,144935,4043,-4198,392,-818,-84,313,-104,-12,167,931,0,-245,7
2021/05/13,3122.11,4,-39.55,-0.0125,210598,14425,-14343,24,701,244,532,-506,-14,31,-966,0,-151,45
2021/05/12,3161.66,4,-47.77,-0.0149,224580,29894,-27046,-2574,-2133,-388,-794,-104,-91,-19,957,0,-315,41
2021/05/11,3209.43,4,-39.87,-0.0123,218834,35601,-20349,-13513,-11600,-15,-288,-185,-6,-10,-1405,0,-1867,127
2021/05/10,3249.3,6,52.1,0.0163,171871,-11983,2351,9705,7841,-6,711,927,12,0,218,0,-78,5
2021/05/07,3197.2,6,18.46,0.0058,152063,-1456,-1907,3481,3170,-94,84,-74,9,24,361,0,-75,-42
2021/05/06,3178.74,6,31.37,0.01,166264,-895,-1008,2000,1927,-17,198,145,-65,-25,-162,0,-121,25
2021/05/04,3147.37,6,20.17,0.0064,159624,-1193,-746,1678,686,-116,769,10,10,-4,321,0,245,16
2021/05/03,3127.2,4,-20.66,-0.0066,169758,5877,-4472,-1391,-1061,-171,301,-471,-13,-8,33,0,-82,68
2021/04/30,3147.86,4,-26.21,-0.0083,192075,7875,-5651,-1934,-1604,-112,23,574,4,5,-825,0,-314,24
2021/04/29,3174.07,4,-7.4,-0.0023,191266,348,-181,-114,828,-57,-176,-42,-112,52,-607,0,-42,-9
2021/04/28,3181.47,4,-33.95,-0.0106,183798,10571,-5942,-4347,-843,-38,-1944,-648,-62,-39,-770,0,-295,13
2021/04/27,3215.42,4,-2.11,-0.0007,171772,4484,-1628,-1064,843,-126,-473,-107,-51,-22,-1125,0,-1753,-38
2021/04/26,3217.53,6,31.43,0.0099,157537,-3385,3907,-461,220,-45,155,-59,1,17,-751,0,-75,14
2021/04/23,3186.1,6,8.58,0.0027,156532,2267,-245,-2122,169,-103,7,-226,-7,54,-2017,0,95,5
2021/04/22,3177.52,6,5.86,0.0018,148628,3527,-1551,-2329,-571,-169,269,167,-23,-18,-1983,0,334,19
2021/04/21,3171.66,4,-49.04,-0.0152,169160,27115,-14324,-12837,-7632,-329,-982,-1283,-15,21,-2614,0,7,39
2021/04/20,3220.7,6,21.86,0.0068,145082,-3901,3258,463,3003,160,-671,-671,-54,-10,-1293,0,156,22
2021/04/19,3198.84,6,0.22,0.0001,153781,3954,-3223,-1313,185,76,-761,-338,-15,-88,-371,0,559,22
2021/04/16,3198.62,6,4.29,0.0013,155421,4700,2748,-4674,-3832,-170,-833,-143,-195,-29,531,0,-2791,16
2021/04/15,3194.33,6,11.95,0.0038,176712,2849,2628,-5044,-840,-391,-181,450,78,-112,-4045,0,-436,3
2021/04/14,3182.38,6,13.3,0.0042,155520,-3003,1063,1780,3868,-29,-633,72,-194,-17,-1284,0,172,-13
2021/04/13,3169.08,6,33.49,0.0107,163637,-4647,4441,87,1430,-2,-262,276,-287,-18,-1048,0,133,-14
2021/04/12,3135.59,6,3.71,0.0012,132882,6877,-3280,-3862,-2316,-305,28,-90,21,20,-1219,0,231,33
2021/04/09,3131.88,4,-11.38,-0.0036,150936,7189,-1550,-5761,-3197,-147,18,-69,-334,139,-2169,0,96,25
2021/04/08,3143.26,6,5.85,0.0019,170800,3640,1102,-4820,-3510,323,22,-116,-38,-24,-1477,0,100,-23
2021/04/07,3137.41,6,10.33,0.0033,144901,-218,3267,-3267,-829,-369,-526,-9,-31,-100,-1400,0,243,-25
2021/04/06,3127.08,6,6.25,0.002,136766,-378,5811,-5133,-3346,-358,-122,288,-29,-33,-1530,0,-305,5
2021/04/05,3120.83,6,8.03,0.0026,130105,2128,1678,-3812,-1548,-101,-147,-52,-23,8,-1947,0,-22,26
2021/04/02,3112.8,6,25.4,0.0082,134423,-9487,5666,3714,4527,-189,-285,-37,-63,2,-238,0,138,-32
2021/04/01,3087.4,6,25.98,0.0085,140357,-4154,5723,-1616,-116,-266,-283,126,-48,-8,-1018,0,23,24
2021/03/31,3061.42,4,-8.58,-0.0028,145374,6435,-2915,-3488,-3172,-111,-171,219,25,11,-289,0,-8,-22
2021/03/30,3070,6,33.96,0.0112,141492,-6048,3434,2539,2958,108,-250,-29,-7,20,-261,0,41,32
2021/03/29,3036.04,4,-4.97,-0.0016,167360,6592,489,-7031,-4602,-193,0,-295,-257,-24,-1656,0,-57,6
2021/03/26,3041.01,6,32.68,0.0109,158378,-4195,2954,1389,1849,-9,-409,498,1,-15,-525,0,-150,1
2021/03/25,3008.33,6,11.98,0.004,134346,1724,-794,-1272,1585,-69,-298,-168,-10,-22,-2287,0,374,-32
2021/03/24,2996.35,4,-8.39,-0.0028,134000,8962,-4870,-4335,-669,-89,-1034,-277,43,-45,-2262,0,152,90
2021/03/23,3004.74,4,-30.72,-0.0101,161671,10170,-4762,-5409,-691,-190,-826,-311,0,10,-3399,0,7,-6
2021/03/22,3035.46,4,-4.07,-0.0013,133488,5830,-5482,-338,2628,-250,-638,-240,-74,-19,-1743,0,-27,18
2021/03/19,3039.53,4,-26.48,-0.0086,163376,16029,-5860,-10017,-5916,-73,-1244,-354,-59,-173,-2195,0,-206,54
2021/03/18,3066.01,6,18.51,0.0061,151331,-6174,4863,1344,3341,-162,-43,195,-64,-30,-1893,0,7,-40
2021/03/17,3047.5,4,-19.67,-0.0064,139333,10482,-5288,-5338,-1722,-138,-779,-316,24,15,-2421,0,96,48
2021/03/16,3067.17,6,21.46,0.007,129301,-2339,-270,2491,1560,-148,7,227,15,-21,850,0,110,8
2021/03/15,3045.71,4,-8.68,-0.0028,125809,5104,-2183,-3002,-3236,-405,-319,-192,18,28,1105,0,30,50
2021/03/12,3054.39,6,40.69,0.0135,131129,-5997,4067,1833,2365,-92,99,284,6,20,-850,0,93,2
2021/03/11,3013.7,6,55.58,0.0188,160241,-11109,17080,-5917,-3935,256,459,253,44,26,-3021,0,-41,-11
2021/03/10,2958.12,4,-18,-0.006,135866,4006,4799,-8891,-788,-339,-222,-84,-4785,-13,-2656,0,82,3
2021/03/09,2976.12,4,-19.99,-0.0067,184194,3631,-5291,2919,3512,215,-55,-309,-37,14,-420,0,-1245,-13
2021/03/08,2996.11,4,-30.15,-0.01,157868,5253,-1295,-3776,-873,52,73,-180,-52,-68,-2727,0,-218,38
2021/03/05,3026.26,4,-17.23,-0.0057,167671,11930,-3750,-8043,-5185,-140,-401,-351,24,-33,-1954,0,-153,16
2021/03/04,3043.49,4,-39.5,-0.0128,171495,21992,-9319,-12839,-9612,71,170,-302,67,-15,-3220,0,140,26
2021/03/03,3082.99,6,39.12,0.0129,147142,-6630,-114,6896,6508,78,592,191,31,-34,-472,0,-146,-5
2021/03/02,3043.87,6,30.92,0.0103,188521,-6248,2103,4370,5539,-417,94,252,-47,32,-1084,0,-203,-22
2021/02/26,3012.95,4,-86.74,-0.028,215048,37785,-28299,-10300,-8915,267,-385,-216,101,-5,-1145,0,689,126
2021/02/25,3099.69,6,104.71,0.035,172139,-19360,9749,9749,10271,-520,57,345,17,-77,-344,0,-89,-48
2021/02/24,2994.98,4,-75.11,-0.0245,215198,5613,6313,-824,2588,-270,-686,-349,-77,-52,-1976,0,-11155,52
2021/02/23,3070.09,4,-9.66,-0.0031,176611,773,-2992,3387,3701,-59,485,-350,-289,111,-210,0,-1205,37
2021/02/22,3079.75,4,-27.87,-0.009,182246,7497,-3206,-4601,182,-248,-602,-158,68,-11,-3831,0,259,51
2021/02/19,3107.62,6,20.96,0.0068,197204,3741,-2981,-655,1207,-79,-243,-515,-35,-133,-856,0,-105,0
2021/02/18,3086.66,4,-47.07,-0.015,181411,14676,-8607,-6130,-2276,-172,50,-479,3,30,-3286,0,24,36
2021/02/17,3133.73,4,-29.52,-0.0093,168461,18106,-4866,-13464,-8498,52,-649,-708,11,-135,-3537,0,173,51
2021/02/16,3163.25,6,16.25,0.0052,171713,4226,2371,-6684,-3095,-519,-18,-204,-41,-4,-2802,0,42,44
2021/02/15,3147,6,46.42,0.015,169441,-3525,7295,-4192,-1683,-110,-111,110,-11,63,-2450,0,401,21
2021/02/10,3100.58,6,15.91,0.0052,183336,1302,7513,-9165,-5277,-220,-53,-122,-283,16,-3224,0,344,6
2021/02/09,3084.67,4,-6.57,-0.0021,183893,486,-2274,1568,3466,-345,234,422,-4,33,-2239,0,168,51
2021/02/08,3091.24,4,-29.39,-0.0094,193122,846,-3558,2805,5302,-233,-91,75,-37,-3,-2206,0,-67,-26
2021/02/05,3120.63,6,33.08,0.0107,197898,-4021,1911,2343,5569,-653,-270,-219,-9,-64,-2008,0,-221,-11
2021/02/04,3087.55,4,-42.13,-0.0135,206484,24703,-6487,-18357,-12804,-276,-1090,-427,-1,0,-3756,0,47,93
2021/02/03,3129.68,6,32.87,0.0106,224277,1238,4283,-5739,-2095,-435,187,185,14,-19,-3576,0,235,-18
2021/02/02,3096.81,6,40.28,0.0132,191438,-1883,1946,-131,4055,-353,268,-292,4,-148,-3664,0,48,19
2021/02/01,3056.53,6,80.32,0.027,207246,-7825,1328,6892,7328,117,1270,325,23,-95,-2078,0,-386,-9
2021/01/29,2976.21,4,-92.84,-0.0303,243503,16970,-14311,-2543,-210,-162,-66,-964,55,-35,-1160,0,-206,91
2021/01/28,3069.05,4,-53.51,-0.0171,230078,19293,-15774,-3793,-1138,-110,631,-510,-24,-42,-2599,0,170,104
2021/01/27,3122.56,4,-17.75,-0.0057,201471,10604,-6290,-3961,1220,-418,-1529,-585,-18,-13,-2615,0,-426,74
2021/01/26,3140.31,4,-68.68,-0.0214,218749,42050,-19848,-22520,-7802,-3186,-2953,-2131,-7,-6,-6433,0,168,149
2021/01/25,3208.99,6,68.36,0.0218,211720,-5711,2862,3687,7479,-696,-372,-450,-209,10,-2073,0,-769,-69
2021/01/22,3140.63,4,-20.21,-0.0064,243053,16082,-2728,-13647,-6673,-847,-1362,-990,-24,5,-3752,0,245,48
2021/01/21,3160.84,6,46.29,0.0149,252799,-624,3663,-2926,2424,-703,-405,119,-84,-1576,-2701,0,-131,19
2021/01/20,3114.55,6,21.89,0.0071,246280,14367,-2386,-12344,-7132,-575,-453,-196,-23,-15,-3948,0,345,18
2021/01/19,3092.66,6,78.73,0.0261,241904,-10254,4097,5939,10055,-64,-166,80,-29,-13,-3923,0,214,2
2021/01/18,3013.93,4,-71.97,-0.0233,231868,5142,-2112,-2788,2366,-630,62,-185,-54,-12,-4335,0,-260,18
2021/01/15,3085.9,4,-64.03,-0.0203,231622,21139,-7553,-14147,-6368,-699,-1364,-474,1,-38,-5203,0,544,17
2021/01/14,3149.93,6,1.64,0.0005,241229,7127,6718,-14289,-4847,-816,-2047,-394,-179,-25,-5977,0,387,56
2021/01/13,3148.29,6,22.34,0.0071,247255,1690,1885,-3724,5141,-1320,-3192,-837,-60,-223,-3231,0,98,49
2021/01/12,3125.95,4,-22.5,-0.0071,314073,23124,-6283,-17238,-9488,-981,-2794,-900,-69,-127,-2877,0,303,94
2021/01/11,3148.45,4,-3.73,-0.0012,444337,44921,-7258,-37432,-20213,-2740,-4131,-1920,12,-161,-8277,0,-313,82
2021/01/08,3152.18,6,120.5,0.0397,409094,-5591,16478,-11479,-1732,-2314,-1161,-15,-72,-94,-6090,0,635,-43
2021/01/07,3031.68,6,63.47,0.0214,271828,-11836,1112,10339,16211,-879,-129,-320,-123,-8,-4411,0,363,20
2021/01/06,2968.21,4,-22.36,-0.0075,299093,17292,-4021,-13691,-4676,-1150,-1892,-1227,-281,-66,-4395,0,373,47
2021/01/05,2990.57,6,46.12,0.0157,265483,7283,-2089,-5362,402,-996,-742,-644,19,-1,-3400,0,160,6
2021/01/04,2944.45,6,70.98,0.0247,250113,10310,843,-11898,-1746,-1943,-3168,-1853,-15,65,-3237,0,691,53
2020/12/30,2873.47,6,52.96,0.0188,179288,-4916,2494,1958,5363,-597,-911,-775,-105,-13,-1002,0,499,-36
2020/12/29,2820.51,6,11.91,0.0042,192990,21969,-3172,-19733,-14318,-553,-1477,-880,-546,20,-1977,0,870,66
2020/12/28,2808.6,6,1.74,0.0006,241977,-9460,710,8303,10956,-785,-964,-36,95,-199,-762,0,376,69
2020/12/24,2806.86,6,47.04,0.017,199846,-8031,1243,6296,7585,-567,-8,280,-22,17,-988,0,542,-51
2020/12/23,2759.82,6,26.14,0.0096,202812,-3858,832,3016,3817,-158,-389,-549,-37,-15,349,0,13,-3
2020/12/22,2733.68,4,-44.97,-0.0162,198813,3693,-1471,-2028,-524,-336,-519,-550,-1,-26,-70,0,31,-224
2020/12/21,2778.65,6,6.47,0.0023,189722,-855,-99,1322,518,-141,-81,173,-9,-50,913,0,-359,-8
2020/12/18,2772.18,6,1.75,0.0006,191662,3897,-1939,-1497,521,-161,-759,-260,-28,3,-812,0,-482,21
2020/12/17,2770.43,4,-1.36,-0.0005,162753,3252,-2586,-106,2247,-253,-715,-551,-75,-66,-691,0,-561,2
2020/12/16,2771.79,6,14.97,0.0054,136496,-2402,932,2126,3211,-674,-172,-116,-25,2,-97,0,-657,1
2020/12/15,2756.82,4,-5.38,-0.0019,155379,6076,-3724,-2375,-60,-435,-534,-426,-17,-38,-861,0,33,-11
2020/12/14,2762.2,4,-7.86,-0.0028,170122,10333,-3670,-7032,-4209,-648,-624,-258,-7,19,-1303,0,287,81
2020/12/11,2770.06,6,23.6,0.0086,183291,-476,-1539,2100,2972,-285,-950,-16,-25,-19,425,0,2,-87
2020/12/10,2746.46,4,-9.01,-0.0033,206306,8912,-13662,4440,9249,75,-1111,20,93,90,-3976,0,283,26
2020/12/09,2755.47,6,54.54,0.0202,170076,-5061,1633,3058,5259,-395,-499,180,60,37,-1584,0,378,-7
2020/12/08,2700.93,4,-44.51,-0.0162,171571,11228,-8520,-2701,136,-618,-1477,-627,-64,-20,-29,0,-77,71
2020/12/07,2745.44,6,13.99,0.0051,179330,9767,-652,-9237,-4211,-664,-1721,-692,-76,-31,-1840,0,98,23
2020/12/04,2731.45,6,35.23,0.0131,198758,-3432,7622,-4100,365,-870,-623,-403,-37,-203,-2326,0,-76,-11
2020/12/03,2696.22,6,20.32,0.0076,156050,1779,2103,-3848,-1342,-471,-958,-11,5,-93,-977,0,-28,-5
2020/12/02,2675.9,6,41.65,0.0158,175067,-2447,5180,-2506,-1626,-211,-112,-197,-16,21,-364,0,-221,-4
2020/12/01,2634.25,6,42.91,0.0166,159472,-3460,748,2676,3298,-298,-97,-35,34,-94,-132,0,49,-13
2020/11/30,2591.34,4,-42.11,-0.016,212318,22205,-24377,2048,3331,-362,-855,-53,69,17,-98,0,23,99
2020/11/27,2633.45,6,7.54,0.0029,126416,1945,797,-2793,-986,-45,-735,-696,-7,-18,-302,0,62,-11
2020/11/26,2625.91,6,24.37,0.0094,127145,2569,2516,-5188,-1837,-126,-1398,-167,-11,39,-1686,0,79,22
2020/11/25,2601.54,4,-16.22,-0.0062,217958,5062,-419,-4001,1754,-540,-1929,-694,3,-28,-2565,0,-692,50
2020/11/24,2617.76,6,15.17,0.0058,168865,-245,7269,-6940,-2434,-555,-1025,-744,-12,-30,-2137,0,-76,-6
2020/11/23,2602.59,6,49.09,0.0192,157635,-8734,9888,-600,155,-592,-559,64,-17,-42,391,0,-498,-54
2020/11/20,2553.5,6,6.08,0.0024,122661,1216,1037,-2264,-390,-413,-1204,-67,-20,6,-174,0,9,1
2020/11/19,2547.42,6,1.78,0.0007,125150,2017,1056,-3016,-1635,-116,-528,-316,17,-9,-427,0,-64,6
2020/11/18,2545.64,6,6.49,0.0026,135540,-1267,666,780,2021,-298,-1216,-364,3,3,631,0,-188,9
2020/11/17,2539.15,4,-3.88,-0.0015,177955,1530,3515,-5037,-2510,-582,-1100,-277,-23,30,-573,0,-67,59
2020/11/16,2543.03,6,49.16,0.0197,190883,-1539,4655,-2855,1240,-903,-833,-50,-65,-239,-2003,0,-222,-38
2020/11/13,2493.87,6,18.25,0.0074,170438,-5896,5262,947,1540,-254,-587,68,67,-22,137,0,-267,-47
2020/11/12,2475.62,4,-10.25,-0.0041,164200,3537,4898,-8608,-6294,-135,-183,-634,7,-38,-1329,0,158,14
2020/11/11,2485.87,6,33.04,0.0135,183073,-11906,8377,4018,4918,-114,-631,-217,-35,35,64,0,-274,-214
2020/11/10,2452.83,6,5.63,0.0023,179813,1871,1601,-3283,-2048,-99,-622,-198,-13,0,-300,0,-155,-34
2020/11/09,2447.2,6,30.7,0.0127,148472,-6788,3336,3564,5812,-416,-172,33,-8,-24,-1659,0,-66,-45
2020/11/06,2416.5,6,2.71,0.0011,125793,-7975,7950,-43,640,-611,-101,173,-5,26,-166,0,112,-43
2020/11/05,2413.79,6,56.47,0.024,125787,-16218,11411,4862,4448,-152,602,337,35,39,-448,0,7,-62
2020/11/04,2357.32,6,14.01,0.006,148350,-1661,-2173,3427,3902,-368,-9,65,47,11,-222,0,414,-6
2020/11/03,2343.31,6,43.15,0.0188,108742,-6471,2176,4694,3107,95,186,291,-7,12,1008,0,-360,-38
2020/11/02,2300.16,6,33.01,0.0146,85144,-1085,492,487,-560,114,113,-3,1,11,810,0,91,14
2020/10/30,2267.15,4,-59.52,-0.0256,117821,14140,-9824,-4438,-3274,-138,-196,-516,-5,-10,-294,0,78,44
2020/10/29,2326.67,4,-18.59,-0.0079,103577,9813,-5385,-4755,-3985,98,-1,-233,37,-16,-652,0,319,8
2020/10/28,2345.26,6,14.42,0.0062,89410,1532,92,-1767,-1592,-424,161,218,-3,27,-153,0,101,40
2020/10/27,2330.84,4,-13.07,-0.0056,112691,1069,1059,-2496,-2304,127,61,-138,9,3,-256,0,380,-12
2020/10/26,2343.91,4,-16.9,-0.0072,116542,-1126,-1454,2718,827,297,719,141,16,-5,721,0,-154,16
2020/10/23,2360.81,6,5.76,0.0024,107241,-2722,385,2333,635,195,398,263,-15,0,856,0,0,2
2020/10/22,2355.05,4,-15.81,-0.0067,97749,678,-738,75,433,304,-467,-70,-5,12,-131,0,-20,4
2020/10/21,2370.86,6,12.45,0.0053,98640,-1283,-238,1426,2150,471,152,-317,8,24,-1064,0,102,-7
2020/10/20,2358.41,6,11.67,0.005,118335,-2924,431,2604,2222,-72,112,-370,-1,-19,733,0,-117,6
2020/10/19,2346.74,6,5.21,0.0022,104907,-3424,377,2968,4506,-123,289,-84,-11,14,-1622,0,112,-33
2020/10/16,2341.53,4,-19.68,-0.0083,111414,4892,-1713,-2036,875,-238,-564,-525,-22,49,-1609,0,-1145,2
2020/10/15,2361.21,4,-19.27,-0.0081,130294,3281,-161,-1169,-365,210,122,-772,-15,-91,-256,0,-1928,-22
2020/10/14,2380.48,4,-22.67,-0.0094,110184,4127,-367,-3756,-957,-341,-387,-336,-18,8,-1724,0,-25,21
2020/10/13,2403.15,4,-0.58,-0.0002,102031,-332,2126,-1773,-1117,-72,-16,-58,2,5,-517,0,-30,10
2020/10/12,2403.73,6,11.77,0.0049,106932,-2359,1396,844,788,-41,62,-178,5,-18,224,0,123,-4
2020/10/08,2391.96,6,5.02,0.0021,125304,-1659,7610,-6149,-5569,-17,263,166,-8,9,-993,0,205,-6
2020/10/07,2386.94,6,21.04,0.0089,89711,-3460,-975,4302,3934,80,-194,16,6,15,443,0,111,21
2020/10/06,2365.9,6,7.9,0.0034,111314,-2044,1701,197,-286,-70,51,217,-2,37,251,0,121,24
2020/10/05,2358,6,30.11,0.0129,106827,-5500,1743,3852,2486,346,181,190,5,-59,701,0,-91,-3
2020/09/29,2327.89,6,19.81,0.0086,94871,-1114,-711,1424,2017,307,378,255,12,-4,-1542,0,425,-23
2020/09/28,2308.08,6,29.29,0.0129,89711,-1055,-579,1502,1815,7,115,9,5,-3,-446,0,142,-9
2020/09/25,2278.79,6,6.09,0.0027,101816,195,-898,727,789,-60,-24,-44,-21,13,76,0,-25,0
2020/09/24,2272.7,4,-60.54,-0.0259,124690,3289,-1914,-1570,-685,71,-25,-455,-18,17,-476,0,204,-7
2020/09/23,2333.24,6,0.65,0.0003,135629,3252,-559,-2804,-2598,0,-129,-77,18,114,-132,0,129,-17
2020/09/22,2332.59,4,-56.8,-0.0238,178967,9912,-171,-7691,-4898,-29,-401,-525,-67,-49,-1719,0,-2079,28
2020/09/21,2389.39,4,-23.01,-0.0095,142150,410,-737,391,1137,7,-214,-258,-25,18,-273,0,-19,-45
2020/09/18,2412.4,6,6.23,0.0026,139651,-1405,1452,-157,762,-150,-278,-364,-38,2,-90,0,90,20
2020/09/17,2406.17,4,-29.75,-0.0122,142350,4587,-1255,-3358,-2138,-77,-289,-421,15,-4,-441,0,14,11
2020/09/16,2435.92,4,-7.66,-0.0031,118553,1432,1750,-3051,-1118,-183,-1087,-281,-21,10,-368,0,-173,41
2020/09/15,2443.58,6,15.67,0.0065,118405,-764,2503,-2001,-1035,-232,-802,-100,17,9,143,0,234,28
2020/09/14,2427.91,6,31.22,0.013,120217,-2875,1439,1074,2063,299,-469,15,11,-16,-830,0,374,-12
2020/09/11,2396.69,6,0.21,0.0001,120688,4533,-1512,-3109,-1276,-73,-542,-270,-5,5,-946,0,74,14
2020/09/10,2396.48,6,20.67,0.0087,157829,662,3820,-4721,-1193,-241,-973,-287,34,-1,-2058,0,240,-2
2020/09/09,2375.81,4,-26.1,-0.0109,155025,5129,-1136,-4298,-949,67,-924,-586,-60,2,-1847,0,285,20
2020/09/08,2401.91,6,17.69,0.0074,172978,357,-336,-208,557,-362,-817,-269,18,31,633,0,149,38
2020/09/07,2384.22,6,15.97,0.0067,171833,5482,-2512,-2975,-1472,-353,-191,47,-95,-3,-907,0,0,4
2020/09/04,2368.25,4,-27.65,-0.0115,196929,12854,-4714,-7798,-5111,-274,-565,-818,1,19,-1049,0,-378,37
2020/09/03,2395.9,6,31.53,0.0133,174209,-952,1921,-1350,-571,-99,-482,310,-35,23,-495,0,364,17
2020/09/02,2364.37,6,14.82,0.0063,157931,3342,-2540,-798,-41,-85,-376,-187,-17,-15,-74,0,17,-19
2020/09/01,2349.55,6,23.38,0.0101,166643,2389,-2083,-566,790,-45,-464,-111,-438,9,-306,0,233,26
2020/08/31,2326.17,4,-27.63,-0.0117,194943,15695,-16361,-65,953,17,-547,-82,-184,11,-234,0,696,35
2020/08/28,2353.8,6,9.35,0.004,155399,1158,-2249,1225,1886,-366,-297,20,-41,-26,48,0,-141,7
2020/08/27,2344.45,4,-24.87,-0.0105,151849,4663,-256,-4726,-3431,-182,-548,-174,7,-5,-391,0,307,11
2020/08/26,2369.32,6,2.59,0.0011,144358,1929,1896,-4125,-3517,120,-174,-32,1,32,-555,0,285,13
2020/08/25,2366.73,6,36.9,0.0158,135679,-709,1571,-1233,-1337,155,-173,102,-27,-3,51,0,372,-1
2020/08/24,2329.83,6,25.24,0.011,116541,-2599,1992,40,247,55,-347,11,33,-10,50,0,583,-16
2020/08/21,2304.59,6,30.37,0.0134,141116,-1362,1982,-334,1077,-8,-1134,-241,-39,3,8,0,-273,-12
2020/08/20,2274.22,4,-86.32,-0.0366,171017,10738,-2805,-8213,-4850,-822,-975,-652,-4,-11,-897,0,202,77
2020/08/19,2360.54,6,12.3,0.0052,123675,4583,-2662,-2022,142,-187,-1159,63,-37,-26,-817,0,103,-2
2020/08/18,2348.24,4,-59.25,-0.0246,175724,-5271,745,4760,6614,306,-710,-406,5,-26,-1022,0,-222,-12
2020/08/14,2407.49,4,-30.04,-0.0123,165956,5962,-4641,-1243,2800,-154,-1245,-730,-5,-62,-1845,0,-100,22
2020/08/13,2437.53,6,5.18,0.0021,182500,1542,-3475,1872,4816,27,-1579,-145,68,2,-1316,0,5,54
2020/08/12,2432.35,6,13.68,0.0057,166800,3509,-1549,-2025,-403,36,-560,-213,10,-6,-888,0,54,11
2020/08/11,2418.67,6,32.29,0.0135,196804,-1737,1512,386,3822,-691,-907,-390,-63,-91,-1292,0,-116,-44
2020/08/10,2386.38,6,34.71,0.0148,195113,3523,-1329,-2315,168,-838,-719,-364,13,-144,-430,0,69,52
2020/08/07,2351.67,6,9.06,0.0039,175857,8534,-729,-7870,-4018,-639,-807,-506,-26,-39,-1832,0,72,-6
2020/08/06,2342.61,6,30.75,0.0133,178316,-850,1684,-800,2247,-516,-548,-444,46,-138,-1446,0,12,-46
2020/08/05,2311.86,6,31.89,0.014,178830,4315,-456,-3665,-1276,-441,-504,-366,-18,-29,-1029,0,-133,-59
2020/08/04,2279.97,6,28.93,0.0129,152872,1843,-615,-1487,391,-492,-178,-26,13,-53,-1142,0,227,32
2020/08/03,2251.04,6,1.67,0.0007,136129,6237,-2719,-3795,-2841,-107,-455,44,0,-5,-429,0,245,31
2020/07/31,2249.37,4,-17.64,-0.0078,130022,4716,-547,-3860,-2658,-129,-417,-292,-6,-4,-351,0,-299,-8
2020/07/30,2267.01,6,3.85,0.0017,135502,64,2228,-2342,423,-171,-438,11,-2,-12,-2151,0,30,19
2020/07/29,2263.16,6,6.17,0.0027,155005,476,2979,-3367,-1345,-295,-368,-329,-7,-91,-928,0,-44,-44
2020/07/28,2256.99,6,39.13,0.0176,175169,-10495,13112,-2219,-1440,-525,74,243,11,-76,-507,0,-344,-52
2020/07/27,2217.86,6,17.42,0.0079,142568,-2995,1676,1395,1968,-19,131,29,-179,-57,-476,0,16,-92
2020/07/24,2200.44,4,-15.75,-0.0071,171569,2880,841,-3678,-1172,-544,-431,-411,-42,-8,-1066,0,-78,35
2020/07/23,2216.19,4,-12.47,-0.0056,163289,7768,-2007,-5868,-3506,-2,-1119,-615,-81,37,-581,0,139,-31
2020/07/22,2228.66,4,-0.17,-0.0001,156518,2604,-3,-2418,-736,-232,-543,-528,16,-15,-378,0,-174,-7
2020/07/21,2228.83,6,30.63,0.0139,157593,-5676,4483,1435,3201,-186,-494,-511,-131,-25,-416,0,-206,-35
2020/07/20,2198.2,4,-2.99,-0.0014,120250,4070,-739,-3292,-1689,-703,-435,-61,-4,-8,-388,0,-24,-14
2020/07/17,2201.19,6,17.43,0.008,101911,-1120,1167,365,237,224,24,-244,53,-24,93,0,-372,-39
2020/07/16,2183.76,4,-18.12,-0.0082,113042,3005,-1322,-1834,-263,-97,-321,-136,-6,-38,-970,0,165,-14
2020/07/15,2201.88,6,18.27,0.0084,136413,-5995,2742,3346,4467,-418,-81,4,9,-42,-592,0,-38,-55
2020/07/14,2183.61,4,-2.45,-0.0011,116333,4186,71,-3958,-1678,-457,-201,-268,-1,-85,-1265,0,-278,-20
2020/07/13,2186.06,6,35.81,0.0167,104622,-2907,1053,2008,918,-50,-60,-1,-3,-19,1224,0,-123,-30
2020/07/10,2150.25,4,-17.65,-0.0081,120480,10373,-3475,-7077,-4460,-165,-654,-453,25,8,-1376,0,155,24
2020/07/09,2167.9,6,9.02,0.0042,120299,3167,64,-2878,-1627,-307,-135,-159,17,-28,-637,0,-390,36
2020/07/08,2158.88,4,-5.29,-0.0024,115675,6229,-3399,-2767,-1393,-244,-724,-492,-7,-15,110,0,-40,-21
2020/07/07,2164.17,4,-23.76,-0.0109,148583,8578,-3859,-4593,-1007,-319,-787,-388,61,-101,-2050,0,-70,-55
2020/07/06,2187.93,6,35.52,0.0165,116562,-3610,-2616,6231,5623,36,-62,137,7,-10,499,0,-47,42
2020/07/03,2152.41,6,17.04,0.008,86495,-883,148,1067,999,-207,-382,-124,23,-11,770,0,-302,-29
2020/07/02,2135.37,6,28.67,0.0136,107451,-2133,-170,2163,2458,123,-473,-249,16,-24,312,0,86,54
2020/07/01,2106.7,4,-1.63,-0.0008,102326,87,-1636,1507,1901,52,-71,-298,27,-35,-69,0,43,-2
2020/06/30,2108.33,6,14.85,0.0071,116990,-1651,-732,2397,1337,-8,154,-314,13,-7,1222,0,-27,14
2020/06/29,2093.48,4,-41.17,-0.0193,90258,5751,-2327,-3518,-2417,-112,-200,-478,-112,-19,-177,0,53,40
2020/06/26,2134.65,6,22.28,0.0105,98211,533,602,-1647,-1960,-4,-180,-312,-15,-39,864,0,498,13
2020/06/25,2112.37,4,-49.14,-0.0227,106926,13012,-2802,-10454,-6654,-349,-901,-526,2,0,-2024,0,205,38
2020/06/24,2161.51,6,30.27,0.0142,133247,-72,3515,-3902,265,-28,23,148,-4984,10,661,0,475,-16
2020/06/23,2131.24,6,4.51,0.0021,134960,3503,-547,-2814,-1427,-36,-663,-166,-139,-13,-368,0,-161,19
2020/06/22,2126.73,4,-14.59,-0.0068,100983,4302,-2519,-1933,-249,-306,-257,-382,-123,2,-616,0,164,-13
2020/06/19,2141.32,6,7.84,0.0037,123004,1647,468,-2163,-800,-102,-410,-337,-68,-16,-427,0,5,42
2020/06/18,2133.48,4,-7.57,-0.0035,110898,2943,-1621,-831,-288,-405,-130,-216,3,-16,220,0,-486,-2
2020/06/17,2141.05,6,3,0.0014,154584,1525,-530,-1136,-1779,-153,-219,104,6,-2,907,0,139,2
2020/06/16,2138.05,6,107.23,0.0528,138370,-5948,1080,4800,4155,-96,13,-81,47,-22,782,0,119,-51
2020/06/15,2030.82,4,-101.48,-0.0476,182424,12372,-4785,-7615,-3708,-346,-1113,-598,-44,-14,-1790,0,-15,45
2020/06/12,2132.3,4,-44.48,-0.0204,149607,5558,-2623,-2862,-2017,33,-499,-683,5,2,296,0,-48,-24
2020/06/11,2176.78,4,-18.91,-0.0086,169870,12717,-1205,-11843,-7399,-142,37,-775,-540,-36,-2986,0,289,42
2020/06/10,2195.69,6,6.77,0.0031,128881,-1692,-476,2157,2416,-37,282,-143,-56,-38,-265,0,-14,26
2020/06/09,2188.92,6,4.63,0.0021,146898,4131,-230,-3998,-1835,-1,-624,-27,14,-41,-1482,0,58,39
2020/06/08,2184.29,6,2.42,0.0011,131455,3789,114,-3716,-1191,-483,-132,47,-24,0,-1930,0,-149,-37
2020/06/05,2181.87,6,30.69,0.0143,127789,-3194,-720,4053,3630,11,-63,167,11,-5,302,0,-173,34
2020/06/04,2151.18,6,4.18,0.0019,160340,-3348,465,2978,4782,-584,-825,561,-13,-33,-910,0,-87,-7
2020/06/03,2147,6,59.81,0.0287,169988,-13181,2102,11344,10331,588,966,632,28,-14,-1188,0,-212,-52
2020/06/02,2087.19,6,22.11,0.0107,102329,-98,-501,350,-34,405,-199,250,-6,21,-86,0,220,29
2020/06/01,2065.08,6,35.48,0.0175,98396,-4455,1089,3250,949,558,219,4,-27,-10,1557,0,103,12
2020/05/29,2029.6,6,1.06,0.0005,140845,1897,-1989,-201,-434,62,575,-148,-41,18,-233,0,302,-9
2020/05/28,2028.54,4,-2.66,-0.0013,144792,-2841,609,2225,1032,319,88,-198,-28,23,986,0,12,-5
2020/05/27,2031.2,6,1.42,0.0007,126350,3216,-2175,-727,-645,-82,-17,-77,40,31,23,0,-336,22
2020/05/26,2029.78,6,35.18,0.0176,125453,-4799,144,3416,2660,-193,104,-57,-49,-14,967,0,1240,-2
2020/05/25,1994.6,6,24.47,0.0124,79603,957,-1406,347,-118,-419,648,-304,2,-56,596,0,110,-8
2020/05/22,1970.13,4,-28.18,-0.0141,95097,9361,-4767,-4484,-2513,-179,-411,-558,-57,0,-763,0,-127,18
2020/05/21,1998.31,6,8.67,0.0044,86369,2904,735,-3882,-3421,-310,-239,14,-15,65,25,0,214,28
2020/05/20,1989.64,6,9.03,0.0046,82486,-1818,808,981,-78,-22,211,247,-3,74,552,0,48,-19
2020/05/19,1980.61,6,43.5,0.0225,119183,-11869,3706,8431,5235,14,518,490,149,113,1909,0,-221,-48
2020/05/18,1937.11,6,9.83,0.0051,93943,300,-864,339,-245,-107,-72,-41,4,95,706,0,290,-66
2020/05/15,1927.28,6,2.32,0.0012,97233,2234,-4722,2426,416,-23,18,-146,-23,54,2129,0,60,1
2020/05/14,1924.96,4,-15.46,-0.008,94690,7865,-5541,-2372,-664,-53,103,70,-166,69,-1732,0,27,20
2020/05/13,1940.42,6,18.25,0.0095,90123,2153,-3206,935,-126,-106,-45,89,7,102,1014,0,88,29
2020/05/12,1922.17,4,-13.23,-0.0068,96818,6057,-3110,-2985,-2925,85,582,-37,-22,75,-742,0,33,5
2020/05/11,1935.4,4,-10.42,-0.0054,77527,5112,-1745,-3631,-1516,-809,-356,-257,-45,86,-733,0,219,45
2020/05/08,1945.82,6,17.21,0.0089,79415,-2431,468,1704,1819,-225,-269,-91,-57,86,442,0,275,-16
2020/05/07,1928.61,4,-0.15,-0.0001,73833,2534,-3126,564,1363,-105,-783,-68,2,125,30,0,102,-74
2020/05/06,1928.76,6,33.39,0.0176,85507,-1,-3190,3090,932,113,70,-156,-11,167,1974,0,56,44
2020/05/04,1895.37,4,-52.19,-0.0268,102619,17000,-9462,-8059,-4975,149,-1013,-353,-27,171,-2010,0,479,42
2020/04/29,1947.56,6,13.47,0.007,105251,-4870,2349,2521,1212,-357,-41,79,30,166,1432,0,-9,8
2020/04/28,1934.09,6,11.32,0.0059,103750,856,-1267,238,-226,115,-97,17,-9,44,393,0,154,18
2020/04/27,1922.77,6,33.76,0.0179,81716,-5491,192,5278,3059,251,-120,187,-10,2,1909,0,29,-9
2020/04/24,1889.01,4,-25.72,-0.0134,96473,6327,-2321,-4230,-2228,1,-315,-221,-51,-11,-1403,0,210,14
2020/04/23,1914.73,6,18.58,0.0098,91242,-155,-1063,1000,-533,41,331,177,-21,22,981,0,217,0
2020/04/22,1896.15,6,16.77,0.0089,94286,3177,-366,-3098,-3544,-346,-241,-287,-61,2,1380,0,275,11
2020/04/21,1879.38,4,-18.98,-0.01,138631,7094,-5296,-1903,-1834,-85,74,-473,-9,18,406,0,91,14
2020/04/20,1898.36,4,-16.17,-0.0084,119159,9559,-4935,-4848,-3840,-133,-118,-196,-10,-1,-547,0,269,-44
2020/04/17,1914.53,6,57.46,0.0309,141277,-6057,3229,2356,1108,-381,319,393,57,-6,865,0,514,-43
2020/04/16,1857.07,4,-0.01,0,107107,3888,-5677,1362,-1003,31,-26,16,18,29,2297,0,436,-10
2020/04/14,1857.08,6,31.32,0.0172,99958,-4530,-299,4679,1801,21,50,316,25,44,2420,0,168,-17
2020/04/13,1825.76,4,-34.94,-0.0188,95167,7587,-2954,-4575,-3801,-165,-514,-477,-14,7,389,0,-92,33
2020/04/10,1860.7,6,24.49,0.0133,120099,2519,-562,-2059,-3774,10,-9,-435,3,36,2110,0,97,3
2020/04/09,1836.21,6,29.07,0.0161,105173,2940,-1805,-1295,-2189,106,1694,-52,-163,-14,-676,0,137,22
2020/04/08,1807.14,4,-16.46,-0.009,111265,4519,-1360,-2819,-3613,10,340,-80,96,24,403,0,-354,14
2020/04/07,1823.6,6,31.72,0.0177,116289,1492,-1969,328,461,-100,416,-270,-8,7,-177,0,130,18
2020/04/06,1791.88,6,66.44,0.0385,109574,-8430,-1973,10360,6285,245,502,534,48,46,2699,0,88,-45
2020/04/03,1725.44,6,0.58,0.0003,101537,3486,-2901,-833,-1498,-14,243,-168,70,105,429,0,228,18
2020/04/02,1724.86,6,39.4,0.0234,101522,2700,-6234,3599,864,187,491,-55,-5,93,2023,0,-66,1
2020/04/01,1685.46,4,-69.18,-0.0394,121105,11507,-5782,-6199,-2719,-247,-743,-600,-11,103,-1981,0,443,30
2020/03/31,1754.64,6,37.52,0.0219,139053,3845,-720,-2901,-2430,-281,-608,77,69,206,66,0,-233,10
2020/03/30,1717.12,4,-0.61,-0.0004,90810,1985,-4272,2235,78,290,253,121,21,137,1333,0,50,0
2020/03/27,1717.73,6,31.49,0.0187,128519,1730,-3750,1300,-97,-121,-293,192,57,80,1483,0,692,27
2020/03/26,1686.24,4,-18.52,-0.0109,123741,7165,-5350,-2137,-2124,-43,-154,-231,146,28,239,0,278,43
2020/03/25,1704.76,6,94.79,0.0589,126122,4283,-3261,-948,-484,74,84,-709,16,71,0,0,-105,31
2020/03/24,1609.97,6,127.51,0.086,104814,-4623,-818,5024,932,160,1788,-65,-39,53,2195,0,422,-5
2020/03/23,1482.46,4,-83.69,-0.0534,96452,9200,-6427,-3611,-2737,114,-896,-578,-65,-93,645,0,815,22
2020/03/20,1566.15,6,108.51,0.0744,106329,2003,-5844,3115,-56,578,336,315,65,-71,1949,0,712,11
2020/03/19,1457.64,4,-133.56,-0.0839,119324,2421,-6178,2898,1893,-163,-1799,-319,-294,-216,3797,0,829,29
2020/03/18,1591.2,4,-81.24,-0.0486,95763,9136,-5105,-5145,-3530,-85,-547,-414,-4,-92,-470,0,1066,48
2020/03/17,1672.44,4,-42.42,-0.0247,97090,6009,-10030,3502,2807,-314,-134,-436,-52,-185,1819,0,518,0
2020/03/16,1714.86,4,-56.58,-0.0319,85938,9262,-6814,-3465,-5306,-114,333,-646,31,12,2226,0,988,28
2020/03/13,1771.44,4,-62.89,-0.0343,133769,4462,-11650,5847,-470,587,124,71,-138,-56,5729,0,1317,21
2020/03/12,1834.33,4,-73.94,-0.0387,113099,5388,-8909,2756,1714,198,-64,326,116,123,341,0,745,18
2020/03/11,1908.27,4,-54.66,-0.0278,85980,10886,-6879,-4837,-3584,-71,-435,-431,-28,25,-312,0,786,44
2020/03/10,1962.93,6,8.16,0.0042,91336,3114,-9876,6112,5034,380,-968,5,-238,83,1815,0,669,-20
2020/03/09,1954.77,4,-85.45,-0.0419,87969,12799,-13125,-463,-3812,210,-269,-535,-159,169,3932,0,738,50
2020/03/06,2040.22,4,-45.04,-0.0216,72335,7915,-5640,-2625,-4545,247,-247,-380,-11,73,2238,0,346,3
2020/03/05,2085.26,6,25.93,0.0126,79543,3213,-1472,-2015,-3152,-87,-234,20,-8,56,1390,0,261,14
2020/03/04,2059.33,6,45.18,0.0224,78291,-37,1533,-1706,-2344,16,-49,393,29,68,180,0,238,-27
2020/03/03,2014.15,6,11.64,0.0058,86878,7090,-3123,-4473,-5257,221,512,95,51,29,-126,0,454,51
2020/03/02,2002.51,6,15.5,0.0078,78110,4615,-7831,2702,967,395,861,500,77,91,-190,0,541,-28
2020/02/28,1987.01,4,-67.88,-0.033,99279,2298,-6312,3576,3867,221,-186,-150,-16,-106,-53,0,462,-24
2020/02/27,2054.89,4,-21.88,-0.0105,72411,3464,-3985,-19,-1410,132,406,-57,18,41,848,0,522,17
2020/02/26,2076.77,4,-26.84,-0.0128,80603,7886,-8762,236,-1031,212,92,11,127,93,731,0,612,27
2020/02/25,2103.61,6,24.57,0.0118,89522,6103,-7695,1135,-250,199,656,-387,134,0,782,0,449,7
2020/02/24,2079.04,4,-83.8,-0.0387,93154,6084,-7860,1916,712,203,301,-165,65,214,585,0,-184,44
2020/02/21,2162.84,4,-32.66,-0.0149,71058,2837,2149,-5350,-3397,-10,-333,-177,75,-3,-1502,0,333,29
2020/02/20,2195.5,4,-14.84,-0.0067,76776,1924,1107,-3355,-2868,-69,-92,-55,26,15,-311,0,314,9
2020/02/19,2210.34,6,1.46,0.0007,71070,1600,-2211,-117,67,-126,-340,-24,-32,2,336,0,720,8
2020/02/18,2208.88,4,-33.29,-0.0148,64114,7670,-3068,-5281,-3125,-11,-548,-557,-32,21,-1028,0,664,14
2020/02/17,2242.17,4,-1.42,-0.0006,56392,1959,-2287,139,99,-12,-468,-46,-3,17,552,0,194,-6
2020/02/14,2243.59,6,10.63,0.0048,63795,-11,945,-1086,-1095,-143,-266,30,22,-16,383,0,160,-8
2020/02/13,2232.96,4,-5.42,-0.0024,81211,-38,2794,-3277,-1458,-297,-269,-172,-10,19,-1089,0,548,-26
2020/02/12,2238.38,6,15.26,0.0069,68921,460,-2163,1488,1642,16,-179,-103,-3,3,112,0,226,-11
2020/02/11,2223.12,6,22.05,0.01,66111,-2203,-934,3182,2201,12,102,-150,2,5,1009,0,-38,-5
2020/02/10,2201.07,4,-10.88,-0.0049,54710,4354,-3039,-1650,-1528,-94,17,-301,33,13,209,0,331,3
2020/02/07,2211.95,4,-15.99,-0.0072,88131,3916,222,-4659,-3224,-31,-106,-298,38,-7,-1029,0,491,29
2020/02/06,2227.94,6,62.31,0.0288,83347,-6880,1585,5167,2193,279,121,518,30,11,2011,0,189,-61
2020/02/05,2165.63,6,7.73,0.0036,77362,4340,4578,-9082,-8943,53,329,-544,6,5,10,0,139,23
2020/02/04,2157.9,6,39.02,0.0184,77911,2026,4876,-7019,-7595,127,21,709,-99,142,-325,0,130,-13
2020/02/03,2118.88,4,-0.13,-0.0001,80687,1180,-3070,1697,547,209,325,236,14,-38,403,0,201,-8
2020/01/31,2119.01,4,-28.99,-0.0135,72266,2787,-4276,1716,-331,222,222,-140,-25,-32,1801,0,-254,26
2020/01/30,2148,4,-37.28,-0.0171,71052,6632,-2802,-4427,-3450,140,-491,-685,-25,-11,97,0,582,14
2020/01/29,2185.28,6,8.56,0.0039,65899,3726,999,-4976,-5781,332,61,-102,63,-25,476,0,237,12
2020/01/28,2176.72,4,-69.41,-0.0309,88182,6671,-5262,-1894,1331,-522,-1514,-1043,12,13,-172,0,470,14
2020/01/23,2246.13,4,-21.12,-0.0093,67901,5813,-1379,-4795,-3596,-130,-264,-210,17,34,-646,0,315,45
2020/01/22,2267.25,6,27.56,0.0123,63656,-2182,-749,2885,2407,108,107,-208,58,17,393,0,31,14
2020/01/21,2239.69,4,-22.95,-0.0101,55695,3605,-2054,-1853,-129,-223,-671,-228,35,-15,-619,0,295,6
2020/01/20,2262.64,6,12.07,0.0054,59504,-546,627,-278,-561,-137,-908,155,507,38,627,0,190,7
2020/01/17,2250.57,6,2.52,0.0011,54443,1860,934,-2966,-2086,-349,-388,0,14,57,-213,0,157,13
2020/01/16,2248.05,6,17.07,0.0077,62044,2234,-270,-2099,-1921,-137,-373,-88,-17,46,393,0,122,12
2020/01/15,2230.98,4,-7.9,-0.0035,59463,3155,-863,-2436,-1520,-12,-610,-525,-43,-54,330,0,129,14
2020/01/14,2238.88,6,9.62,0.0043,72942,1336,2628,-4281,-3111,-371,-336,-261,1,-8,-194,0,305,11
2020/01/13,2229.26,6,22.87,0.0104,62147,-490,2579,-2147,-1741,-134,-273,140,1,0,-140,0,64,-5
2020/01/10,2206.39,6,19.94,0.0091,64592,-231,3792,-3635,-3874,-66,-139,13,-35,25,441,0,81,-7
2020/01/09,2186.45,6,35.14,0.0163,72615,1923,925,-2850,-1555,124,-240,257,-229,-7,-1199,0,18,-17
2020/01/08,2151.31,4,-24.23,-0.0111,87507,-191,2709,-2399,-3406,469,31,327,-9,-1,188,0,-92,-25
2020/01/07,2175.54,6,20.47,0.0095,51435,-1678,1960,-453,-234,-111,75,238,2,0,-424,0,178,-6
2020/01/06,2155.07,4,-21.39,-0.0098,51565,2363,993,-3209,-2789,-29,-161,-122,-7,17,-115,0,-145,-2
2020/01/03,2176.46,6,1.29,0.0006,57636,2737,2617,-5238,-5714,-103,441,52,18,38,27,0,-121,5
2020/01/02,2175.17,4,-22.5,-0.0102,46381,5304,-63,-5400,-4145,-27,-424,43,22,34,-904,0,140,19
2019/12/30,2197.67,4,-6.54,-0.003,41135,1235,-3403,2042,2232,-434,-163,-51,-3,0,464,0,124,2
2019/12/27,2204.21,6,6.28,0.0029,54296,1925,661,-2790,-2517,-1461,726,20,-373,-11,827,0,223,-19
2019/12/26,2197.93,6,7.85,0.0036,47951,-4673,-363,4604,3484,163,179,133,-1,19,625,0,469,-37
2019/12/24,2190.08,4,-13.63,-0.0062,47564,-1081,-1682,2583,2432,42,-283,-269,-88,-18,769,0,167,12
2019/12/23,2203.71,4,-0.47,-0.0002,47342,-3218,-471,3545,3166,-132,122,292,62,-14,46,0,163,-17
2019/12/20,2204.18,6,7.62,0.0035,50208,-3221,1587,1389,855,-56,-21,101,46,25,437,0,273,-29
2019/12/19,2196.56,6,1.8,0.0008,52622,-1639,2490,-1082,182,-297,-447,-322,76,14,-289,0,231,0
2019/12/18,2194.76,4,-0.92,-0.0004,55190,-559,3839,-3358,-948,-505,-1422,-385,41,100,-238,0,85,-6
2019/12/17,2195.68,6,27.53,0.0127,63808,-5291,5159,116,2149,-405,-1240,-351,-32,120,-125,0,41,-24
2019/12/16,2168.15,4,-2.1,-0.001,45612,-2148,-1899,3780,5295,-788,-804,-347,-27,-31,485,0,282,-14
2019/12/13,2170.25,6,32.9,0.0154,62532,-9891,5169,4796,5670,-645,-624,192,-67,-143,414,0,-44,-30
2019/12/12,2137.35,6,31.73,0.0151,83394,-9174,5553,3473,2486,933,387,163,164,-106,-555,0,189,-41
2019/12/11,2105.62,6,7.62,0.0036,48372,-1765,-56,1449,3211,-52,-1347,-213,-21,4,-131,0,391,-18
2019/12/10,2098,6,9.35,0.0045,41729,-1310,-198,1169,1055,63,-245,-285,-10,19,572,0,334,5
2019/12/09,2088.65,6,6.8,0.0033,39825,-818,652,-197,-168,-24,156,227,1,15,-404,0,366,-2
2019/12/06,2081.85,6,21.11,0.0102,42150,-2201,426,1603,850,-129,256,93,10,-1,524,0,167,3
2019/12/05,2060.74,4,-8.15,-0.0039,46250,589,-687,-247,-461,-14,383,-111,5,18,-67,0,335,10
2019/12/04,2068.89,4,-15.18,-0.0073,50857,3201,-3964,507,-138,56,116,-334,21,-4,791,0,243,11
2019/12/03,2084.07,4,-7.85,-0.0038,47095,1272,-2689,1147,465,92,104,-13,48,14,435,0,272,-2
2019/12/02,2091.92,6,3.96,0.0019,45158,496,-3936,3093,2421,-13,283,-119,23,7,491,0,329,16
2019/11/29,2087.96,4,-30.64,-0.0145,51009,4434,-4516,-486,-554,429,391,-184,52,-17,-603,0,551,17
2019/11/28,2118.6,4,-9.25,-0.0043,44832,282,-1166,720,360,353,190,-213,10,0,17,0,164,0
2019/11/27,2127.85,6,6.5,0.0031,43182,180,-1437,941,1557,74,-100,36,-6,-6,-613,0,308,6
2019/11/26,2121.35,4,-2.15,-0.001,76360,604,-8575,7630,5880,221,199,534,19,0,775,0,338,2
2019/11/25,2123.5,6,21.54,0.0102,42885,-1407,-2586,3589,3869,-113,-212,306,-25,-18,-217,0,413,-8
2019/11/22,2101.96,6,5.36,0.0026,43102,582,-1864,911,2434,132,-379,128,-1514,-5,114,0,366,4
2019/11/21,2096.6,4,-28.72,-0.0135,54374,2534,-5729,2645,2329,51,-398,-67,11,2,716,0,526,23
2019/11/20,2125.32,4,-27.92,-0.013,55833,3605,-3342,-981,-896,-56,-540,-602,53,45,1014,0,716,1
2019/11/19,2153.24,4,-7.45,-0.0034,56055,960,-129,-1202,-1182,-67,-453,-350,-23,41,831,0,369,2
2019/11/18,2160.69,4,-1.49,-0.0007,44509,665,-1629,634,1213,-290,-484,-19,-11,8,218,0,327,2
2019/11/15,2162.18,6,22.95,0.0107,56948,-6561,-1372,7858,5773,-67,-121,125,-24,-100,2274,0,118,-43
2019/11/14,2139.23,6,16.78,0.0079,60802,-620,-2073,2260,3969,-70,-286,-233,-1,-7,-1108,0,446,-13
2019/11/13,2122.45,4,-18.47,-0.0086,53767,2276,-271,-2418,-892,-27,-503,-113,23,-27,-877,0,421,-8
2019/11/12,2140.92,6,16.83,0.0079,57439,237,-403,-151,499,-110,-416,-115,-7,-8,7,0,308,9
2019/11/11,2124.09,4,-13.14,-0.0061,53468,1404,-1733,-9,-376,-172,-408,5,51,-9,901,0,326,11
2019/11/08,2137.23,4,-7.06,-0.0033,59692,63,-1043,629,1063,-149,-243,-339,13,12,273,0,343,6
2019/11/07,2144.29,6,0.14,0.0001,51349,642,-1548,535,940,-61,-500,-164,49,47,224,0,354,16
2019/11/06,2144.15,6,1.51,0.0007,56801,-667,2375,-2136,-264,-357,-546,18,-19,-20,-947,0,434,-5
2019/11/05,2142.64,6,12.4,0.0058,51813,-2111,3253,-1335,-251,-111,-541,11,12,-100,-354,0,230,-37
2019/11/04,2130.24,6,30.04,0.0143,56366,-5125,702,4643,2955,96,83,158,-27,10,1367,0,-199,-20
2019/11/01,2100.2,6,16.72,0.008,45994,-593,1387,-1184,-1069,-30,10,-121,3,43,-20,0,400,-9
2019/10/31,2083.48,6,3.21,0.0015,57773,-1498,366,593,40,51,-120,162,-4,25,438,0,557,-19
2019/10/30,2080.27,4,-12.42,-0.0059,50515,1544,82,-2248,-410,-72,-561,-163,47,-4,-1084,0,603,18
2019/10/29,2092.69,4,-0.91,-0.0004,40678,-167,-992,734,794,-72,-180,-93,-7,9,284,0,429,-3
2019/10/28,2093.6,6,5.71,0.0027,38538,-1254,-551,1359,1473,-241,-322,152,-7,16,288,0,455,-8
2019/10/25,2087.89,6,2.23,0.0011,44293,-1072,586,415,698,-178,-114,-79,-6,2,93,0,87,-16
2019/10/24,2085.66,6,5.04,0.0024,52088,-1587,1746,-559,-370,-85,-221,-43,-7,5,163,0,405,-5
2019/10/23,2080.62,4,-8.24,-0.0039,51108,302,1180,-1503,-410,-63,-515,-118,27,-6,-417,0,32,-12
2019/10/22,2088.86,6,24.02,0.0116,48110,-5292,914,4335,3000,-181,-115,100,-36,15,1551,0,96,-53
2019/10/21,2064.84,6,4.15,0.002,35983,446,-1229,541,1021,-238,-116,-209,22,-4,66,0,219,21
2019/10/18,2060.69,4,-17.25,-0.0083,54293,2292,-1300,-999,-172,-193,-302,163,47,5,-548,0,9,-1
2019/10/17,2077.94,4,-4.89,-0.0023,34840,-95,-944,843,937,-172,-226,-268,-12,-20,606,0,197,0
2019/10/16,2082.83,6,14.66,0.0071,44636,-1773,46,1447,944,-52,-41,-10,-21,0,627,0,281,0
2019/10/15,2068.17,6,0.77,0.0004,41389,271,-567,109,508,-21,-228,-372,9,2,211,0,221,-34
2019/10/14,2067.4,6,22.79,0.0111,45794,-2612,231,2218,834,203,458,246,-13,-2,493,0,172,-9
2019/10/11,2044.61,6,16.46,0.0081,37906,-1561,1115,437,-344,230,312,399,-26,3,-137,0,31,-22
2019/10/10,2028.15,4,-18.1,-0.0088,56124,2280,-1387,-954,-2438,183,289,-103,170,12,932,0,49,12
2019/10/08,2046.25,6,24.52,0.0121,42562,-2551,-456,3034,1657,-78,-102,264,-80,6,1367,0,-22,-4
2019/10/07,2021.73,6,1.04,0.0005,34120,-423,-220,440,-18,-1,7,18,17,1,414,0,212,-8
2019/10/04,2020.69,4,-11.22,-0.0055,39632,1000,-1490,242,-302,10,-160,-24,-20,12,727,0,246,0
2019/10/02,2031.91,4,-40.51,-0.0195,39339,5021,-1149,-3808,-1709,-79,-208,-281,95,19,-1644,0,-88,24
2019/10/01,2072.42,6,9.37,0.0045,38699,-1584,-1433,2950,1482,-2,219,275,23,40,912,0,60,7
2019/09/30,2063.05,6,13.12,0.0064,37091,-980,-8,812,-251,60,135,-5,-29,-11,913,0,173,4
2019/09/27,2049.93,4,-24.59,-0.0119,34892,1994,-248,-1755,-501,-450,-111,-311,31,9,-420,0,9,0
2019/09/26,2074.52,6,1.13,0.0005,46568,517,3160,-3848,229,-151,-284,-100,-3595,-14,69,0,170,0
2019/09/25,2073.39,4,-27.65,-0.0132,51819,2225,-3670,1291,2968,-645,-675,-543,-5,-23,216,0,143,9
2019/09/24,2101.04,6,9.34,0.0045,44067,-1620,-2156,3779,2050,-263,-189,-172,-20,-1,2377,0,3,-6
2019/09/23,2091.7,6,0.18,0.0001,40957,-223,-697,838,149,-227,-88,-423,-52,0,1480,0,73,8
2019/09/20,2091.52,6,11.17,0.0054,54016,-2147,447,1815,-744,-74,24,-233,-39,-5,2889,0,-113,-2
2019/09/19,2080.35,6,9.62,0.0046,47968,-1010,2198,-993,-1598,-232,-356,-213,-29,7,1431,0,-177,-17
2019/09/18,2070.73,6,8.4,0.0041,48494,-1615,591,1074,-180,-361,-298,33,-61,-13,1956,0,-17,-32
2019/09/17,2062.33,6,0.11,0.0001,45722,-313,-797,961,-480,-266,-175,-114,-13,0,2011,0,156,-7
2019/09/16,2062.22,6,13.02,0.0064,56766,-456,-1592,1982,-500,-171,28,-163,-9,27,2771,0,77,-10
2019/09/11,2049.2,6,17.12,0.0084,59975,-3344,-2827,6134,3512,-204,-329,-12,19,5,3143,0,46,-9
2019/09/10,2032.08,6,12.53,0.0062,44587,-1919,153,1713,380,84,74,-59,17,-17,1231,0,60,-6
2019/09/09,2019.55,6,10.42,0.0052,44018,-1730,2354,-746,-403,-117,-294,-175,-5,1,248,0,141,-19
2019/09/06,2009.13,6,4.38,0.0022,36671,-338,484,-199,-645,-54,5,-118,14,15,585,0,54,-1
2019/09/05,2004.75,6,16.22,0.0082,55565,-2844,1891,929,336,21,99,266,-7,20,191,0,34,-10
2019/09/04,1988.53,6,22.84,0.0116,41336,-1496,-3503,4829,3431,11,-210,180,-18,15,1421,0,169,0
2019/09/03,1965.69,4,-3.5,-0.0018,39160,404,-3047,2491,467,-149,33,142,8,8,1980,0,155,-2
2019/09/02,1969.19,6,1.4,0.0007,29242,-196,-1244,1322,151,79,-22,51,7,-1,1057,0,116,2
2019/08/30,1967.79,6,34.38,0.0178,43714,-3982,2271,1651,578,50,422,222,-107,-13,497,0,87,-27
2019/08/29,1933.41,4,-7.68,-0.004,37095,523,-1125,454,-953,157,239,-5,37,-9,988,0,151,-3
2019/08/28,1941.09,6,16.49,0.0086,32887,-748,-511,1061,-651,274,264,197,3,4,967,0,208,-10
2019/08/27,1924.6,6,8.29,0.0043,50374,-309,-1185,1313,186,-20,327,308,-3,-1,516,0,176,4
2019/08/26,1916.31,4,-31.99,-0.0164,37512,534,-1187,709,465,-67,-287,-61,63,-11,606,0,-68,12
2019/08/23,1948.3,4,-2.71,-0.0014,34984,-912,76,663,-98,110,-189,197,6,1,635,0,173,-2
2019/08/22,1951.01,4,-13.64,-0.0069,40951,1618,-1236,-512,-1389,129,194,-73,6,-7,626,0,122,7
2019/08/21,1964.65,6,4.4,0.0022,38218,1004,-1281,47,-1093,-69,-123,-190,-11,10,1524,0,221,7
2019/08/20,1960.25,6,20.35,0.0105,41302,-599,1135,-722,-791,165,-9,50,-40,-23,-74,0,192,-5
2019/08/19,1939.9,6,12.73,0.0066,37715,-573,-1389,1869,470,69,129,84,-3,0,1118,0,95,-1
2019/08/16,1927.17,4,-11.2,-0.0058,42742,549,-936,152,-555,143,-88,-155,42,21,744,0,234,0
2019/08/14,1938.37,6,12.54,0.0065,50764,519,-503,-243,-1491,332,170,235,-8,27,491,0,225,1
2019/08/13,1925.83,4,-16.46,-0.0085,43402,1558,-1745,-23,-545,-50,-489,-148,15,-1,1195,0,230,-19
2019/08/12,1942.29,6,4.54,0.0023,39977,1841,-33,-1853,-1942,-46,-181,-19,16,-43,362,0,36,9
2019/08/09,1937.75,6,17.14,0.0089,50512,2152,-47,-2291,-2138,-51,157,-268,-21,-30,61,0,182,4
2019/08/08,1920.61,6,10.9,0.0057,67695,2389,-1018,-1416,-1447,-6,123,235,-9,30,-343,0,44,1
2019/08/07,1909.71,4,-7.79,-0.0041,53733,1769,-990,-989,-1476,-34,282,-133,34,-27,365,0,200,10
2019/08/06,1917.5,4,-29.48,-0.0151,71790,-4439,-6051,10337,5220,367,395,87,-75,13,4327,0,157,-4
2019/08/05,1946.98,4,-51.15,-0.0256,65997,-4436,-3142,7355,2884,100,-130,-368,-312,-25,5207,0,250,-26
2019/08/02,1998.13,4,-19.21,-0.0095,53382,142,-3985,3625,-1621,-126,230,486,12,18,4625,0,210,6
2019/08/01,2017.34,4,-7.21,-0.0036,44431,-873,-45,836,-478,308,523,-53,47,25,462,0,87,-5
2019/07/31,2024.55,4,-14.13,-0.0069,55329,-774,-493,1208,1014,191,-184,56,-33,-3,166,0,61,-2
2019/07/30,2038.68,6,9.2,0.0045,38774,-1469,1412,38,-205,113,10,243,-15,-3,-104,0,20,-2
2019/07/29,2029.48,4,-36.78,-0.0178,46812,-767,-638,1350,1625,15,-305,-186,-91,0,292,0,42,13
2019/07/26,2066.26,4,-8.22,-0.004,51387,-220,1176,-1031,187,-32,-694,-234,32,-92,-198,0,67,7
2019/07/25,2074.48,4,-7.82,-0.0038,52074,457,1130,-1536,-210,161,-676,-45,0,-24,-739,0,-45,-6
2019/07/24,2082.3,4,-19.15,-0.0091,42333,532,584,-1139,257,21,-431,-505,-262,-92,-126,0,21,0
2019/07/23,2101.45,6,8.11,0.0039,46010,-2833,2858,36,95,-43,-220,-222,-31,-53,512,0,-60,-1
2019/07/22,2093.34,4,-1.02,-0.0005,32062,-646,2335,-1685,-1215,-63,-157,54,-65,-13,-225,0,-2,0
2019/07/19,2094.36,6,27.81,0.0135,41984,-4631,1329,3381,2557,-17,-178,312,-219,-16,942,0,-55,-23
2019/07/18,2066.55,4,-6.37,-0.0031,39398,1002,690,-1728,-357,-73,-300,-59,-259,-52,-626,0,17,17
2019/07/17,2072.92,4,-18.95,-0.0091,46435,586,227,-744,-88,-99,-399,-110,-36,-22,11,0,-75,5
2019/07/16,2091.87,6,9.39,0.0045,52841,-2156,2515,-315,72,-21,-36,125,-39,-34,-380,0,-39,-3
2019/07/15,2082.48,4,-4.18,-0.002,37401,-493,140,252,78,-117,58,203,-36,-71,136,0,98,1
2019/07/12,2086.66,6,6.08,0.0029,37752,167,-58,-63,78,21,-13,144,-8,6,-292,0,-45,0
2019/07/11,2080.58,6,21.8,0.0106,50574,-1993,3656,-1781,-2090,18,43,130,-12,-1,129,0,126,-7
2019/07/10,2058.78,6,6.75,0.0033,39385,-12,2027,-1881,-1360,-120,-127,1,-110,0,-163,0,-138,5
2019/07/09,2052.03,4,-12.14,-0.0059,44398,825,230,-1149,-259,-219,53,-76,-85,-6,-554,0,82,9
2019/07/08,2064.17,4,-46.42,-0.022,43497,498,4,-497,331,0,-157,-26,18,-20,-644,0,-19,13
2019/07/05,2110.59,6,1.86,0.0009,40258,-1049,-241,1262,2076,-208,-69,-106,-58,0,-370,0,36,-7
2019/07/04,2108.73,6,12.71,0.0061,45427,-237,397,-93,649,32,-126,-186,-10,-23,-427,0,-69,3
2019/07/03,2096.02,4,-26,-0.0123,46159,1562,-860,-675,306,-793,-237,-20,4,0,64,0,-26,0
2019/07/02,2122.02,4,-7.72,-0.0036,41075,240,337,-515,-134,-161,70,-63,20,6,-252,0,-68,6
2019/07/01,2129.74,4,-0.88,-0.0004,47301,-191,1551,61,377,7,-141,-78,-10,-109,16,0,-1415,-7
2019/06/28,2130.62,4,-3.7,-0.0017,42824,-1994,3133,-1096,-211,-156,-161,-129,-12,4,-429,0,-30,-10
2019/06/27,2134.32,6,12.47,0.0059,51224,-4057,1571,2670,92,-223,66,302,-76,12,2497,0,-172,-12
2019/06/26,2121.85,6,0.21,0.0001,44558,-736,176,609,-321,-196,-90,64,9,2,1142,0,-37,-11
2019/06/25,2121.64,4,-4.69,-0.0022,42497,-211,-17,88,-272,-43,-271,-30,-44,-204,956,0,122,17
2019/06/24,2126.33,6,0.71,0.0003,40549,-727,-989,1637,1096,-515,-1,16,-30,-71,1144,0,83,-2
2019/06/21,2125.62,4,-5.67,-0.0027,52263,1187,134,-1309,-612,-103,-263,-102,6,-75,-157,0,-10,-2
2019/06/20,2131.29,6,6.51,0.0031,39947,-1485,-169,1644,390,-93,52,202,13,-91,1170,0,24,-13
2019/06/19,2124.78,6,26.07,0.0124,49845,-4604,3049,1692,331,101,220,343,22,-2,675,0,-92,-45
2019/06/18,2098.71,6,7.98,0.0038,45795,-1295,2610,868,511,-165,246,-239,-27,13,530,0,-2192,7
2019/06/17,2090.73,4,-4.68,-0.0022,42557,78,-1510,1403,1160,-173,-139,-499,-14,-139,1210,0,18,10
2019/06/14,2095.41,4,-7.74,-0.0037,47164,1576,-687,-921,-1642,-84,-108,-87,-12,25,988,0,38,-6
2019/06/13,2103.15,4,-5.6,-0.0027,59982,1317,-1669,515,251,-23,-90,-514,2,10,878,0,-175,12
2019/06/12,2108.75,4,-3.06,-0.0014,46610,-962,-23,1016,-202,-61,47,-86,-19,36,1302,0,-30,0
2019/06/11,2111.81,6,12.32,0.0059,42766,-2665,1107,2034,626,-8,68,-28,17,-89,1449,0,-61,-415
2019/06/10,2099.49,6,27.16,0.0131,42140,-3384,1831,1672,-200,-120,121,-21,10,3,1879,0,-107,-12
2019/06/07,2072.33,6,3.22,0.0016,43473,-400,-343,657,-75,7,-124,32,4,30,782,0,75,10
2019/06/05,2069.11,6,2.14,0.001,45062,566,-1543,984,-1034,-43,470,338,10,13,1229,0,7,-14
2019/06/04,2066.97,4,-0.88,-0.0004,48417,32,-2014,1935,-1115,227,319,-50,-2,17,2538,0,34,13
2019/06/03,2067.85,6,26.11,0.0128,46404,-1933,2938,-985,-4395,514,399,53,16,34,2391,0,5,-24
2019/05/31,2041.74,6,2.94,0.0014,50390,-612,2058,-1460,-2859,620,380,223,6,6,162,0,11,4
2019/05/30,2038.8,6,15.48,0.0077,49788,-720,479,216,-1358,1052,488,-22,14,28,14,0,19,4
2019/05/29,2023.32,4,-25.51,-0.0125,46866,1931,-3829,1927,1639,797,147,-205,16,23,-490,0,-43,14
2019/05/28,2048.83,6,4.62,0.0023,80802,1198,-7188,6227,1699,236,785,563,54,8,2878,0,-235,-1
2019/05/27,2044.21,4,-1.1,-0.0005,35066,228,-1947,1710,1166,59,55,55,-8,-15,397,0,0,7
2019/05/24,2045.31,4,-14.28,-0.0069,45813,-12,-3097,3069,1884,51,-6,-223,0,181,1182,0,45,-4
2019/05/23,2059.59,4,-5.27,-0.0026,48192,149,819,-962,-1021,191,-11,-46,6,55,-135,0,3,-10
2019/05/22,2064.86,6,3.61,0.0018,46379,728,41,-924,-1105,111,15,181,31,138,-297,0,143,11
2019/05/21,2061.25,6,5.54,0.0027,52723,-94,746,-730,-1204,-32,125,274,7,-2,101,0,81,-2
2019/05/20,2055.71,4,-0.09,0,48896,370,-197,95,246,37,267,-82,-23,-18,-331,0,-288,19
2019/05/17,2055.8,4,-11.89,-0.0058,53788,1824,-1993,42,-680,227,225,114,-35,-15,206,0,126,0
2019/05/16,2067.69,4,-25.09,-0.012,60424,4114,-4687,367,-1128,275,286,381,20,0,531,0,197,8
2019/05/15,2092.78,6,10.94,0.0053,50528,1082,-792,-484,-2021,264,700,374,20,3,173,0,178,15
2019/05/14,2081.84,6,2.83,0.0014,58659,-603,-2850,3367,1243,215,402,196,-52,35,1326,0,86,0
2019/05/13,2079.01,4,-29.03,-0.0138,46011,2581,-1391,-1313,-489,5,-370,-798,-13,-27,379,0,106,18
2019/05/10,2108.04,6,6.03,0.0029,64078,2968,-3233,13,-1096,270,0,196,-11,-189,843,0,241,9
2019/05/09,2102.01,4,-66,-0.0304,82364,8156,-2037,-6465,-3433,-97,-340,-1331,122,13,-1398,0,323,22
2019/05/08,2168.01,4,-8.98,-0.0041,51705,492,91,-631,-646,44,-69,-301,-52,-4,398,0,48,-1
2019/05/07,2176.99,4,-19.33,-0.0088,54670,2822,2018,-4786,-4991,-211,231,-28,29,-20,205,0,-62,8
2019/05/03,2196.32,4,-16.43,-0.0074,52979,2416,1508,-4075,-3523,22,-83,-203,9,-37,-259,0,137,12
2019/05/02,2212.75,6,9.16,0.0042,50266,-1024,676,170,-258,-1,-1,176,80,-15,190,0,174,4
2019/04/30,2203.59,4,-12.84,-0.0058,56971,118,418,-572,-868,85,-142,466,1,-12,-103,0,24,11
2019/04/29,2216.43,6,37.12,0.017,49859,-2833,36,2784,2418,-34,-67,112,-33,-35,424,0,18,-6
2019/04/26,2179.31,4,-11.19,-0.0051,53461,1401,347,-1844,-1578,-110,-416,-433,0,0,694,0,88,7
2019/04/25,2190.5,4,-10.53,-0.0048,56106,629,-178,-446,142,-150,-219,-396,-14,-39,231,0,-18,13
2019/04/24,2201.03,4,-19.48,-0.0088,63424,4030,235,-4213,-3287,-133,-192,-353,-35,15,-226,0,-46,-4
2019/04/23,2220.51,6,3.86,0.0017,49229,180,399,-707,-516,-259,-175,111,-24,26,132,0,120,7
2019/04/22,2216.65,6,0.5,0.0002,46399,701,-135,-502,-1326,-39,38,107,-10,-14,743,0,-13,-50
2019/04/19,2216.15,6,2.38,0.0011,49656,177,-576,351,-414,200,110,430,-34,-8,67,0,38,9
2019/04/18,2213.77,4,-32.12,-0.0143,65011,2959,-1337,-1290,-313,-112,71,-328,-21,-58,-528,0,-348,17
2019/04/17,2245.89,4,-2.74,-0.0012,55861,-589,760,14,145,-157,-278,362,-35,-152,129,0,-181,-3
2019/04/16,2248.63,6,5.75,0.0026,70834,-948,1538,-539,-643,-138,-104,238,-42,-51,202,0,-39,-11
2019/04/15,2242.88,6,9.43,0.0042,66681,465,1780,-2188,-390,-194,-587,-505,-10,-26,-473,0,-57,0
2019/04/12,2233.45,6,9.01,0.0041,60984,-1657,2446,-558,41,-146,-753,237,-71,-21,155,0,-230,0
2019/04/11,2224.44,6,0.05,0,60220,-1512,3244,-1605,343,-262,-427,-336,-57,9,-874,0,-90,-36
2019/04/10,2224.39,6,10.83,0.0049,51350,-2279,-34,2334,3013,-140,-409,-302,-3,5,171,0,-22,1
2019/04/09,2213.56,6,2.96,0.0013,49041,-1740,2098,-331,-95,-88,-75,157,-2,39,-266,0,-17,-8
2019/04/08,2210.6,6,0.99,0.0004,46600,-1181,2735,-1565,-375,-93,-235,74,-7,32,-960,0,15,-4
2019/04/05,2209.61,6,3.08,0.0014,42157,-1544,1003,615,1244,-133,-363,-146,27,8,-21,0,-67,-6
2019/04/04,2206.53,6,3.26,0.0015,48575,-3796,2462,1378,2176,-150,-256,58,34,-36,-446,0,-30,-13
2019/04/03,2203.27,6,26.09,0.012,54669,-4643,1447,2008,608,74,85,52,-18,-19,1225,0,1204,-16
2019/04/02,2177.18,6,8.9,0.0041,42474,-1036,2742,-1505,-2163,202,274,-33,51,76,85,0,-192,-8
2019/04/01,2168.28,6,27.61,0.0129,43651,-4380,2487,1845,100,121,671,384,8,29,530,0,43,3
2019/03/29,2140.67,6,12.57,0.0059,52489,-1560,892,596,-31,107,14,514,66,-10,-64,0,72,-1
2019/03/28,2128.1,4,-17.52,-0.0082,44039,836,-141,-831,-843,97,312,-8,34,-19,-405,0,133,2
2019/03/27,2145.62,4,-3.18,-0.0015,44901,191,-1558,1201,147,65,292,-132,33,-13,808,0,167,-2
2019/03/26,2148.8,6,3.94,0.0018,42489,1556,364,-1915,-830,-111,-979,-11,-12,1,28,0,-15,9
2019/03/25,2144.86,4,-42.09,-0.0192,41364,2692,-721,-2190,-1014,-18,-145,-579,23,21,-477,0,207,12
2019/03/22,2186.95,6,2.07,0.0009,68817,471,5030,-5617,-2973,160,-212,229,-2577,10,-255,0,133,-17
2019/03/21,2184.88,6,7.78,0.0036,62299,-3263,4864,-1515,-3674,200,622,567,12,16,738,0,-61,-23
2019/03/20,2177.1,4,-0.52,-0.0002,41757,855,-1217,387,500,47,-314,20,17,-7,123,0,-6,-18
2019/03/19,2177.62,4,-1.87,-0.0009,38678,369,-123,-157,-165,148,-18,-23,34,29,-162,0,-87,0
2019/03/18,2179.49,6,3.38,0.0016,40932,-1867,-491,2286,1581,-74,-68,434,10,9,393,0,68,3
2019/03/15,2176.11,6,20.43,0.0095,68213,-4963,-1337,6283,4484,142,184,207,21,-19,1262,0,21,-5
2019/03/14,2155.68,6,7.27,0.0034,58825,1416,2857,-4343,-992,-76,212,-371,-10,-256,-2849,0,60,9
2019/03/13,2148.41,4,-8.77,-0.0041,40884,956,999,-2031,-606,-58,-398,-442,-12,-30,-483,0,73,0
2019/03/12,2157.18,6,19.08,0.0089,42228,-224,-23,823,1607,-253,-106,-190,24,35,-292,0,-576,0
2019/03/11,2138.1,6,0.66,0.0003,40774,893,-1792,166,750,291,-262,-589,7,6,-38,0,733,0
2019/03/08,2137.44,4,-28.35,-0.0131,44973,2932,-1745,-1274,-341,72,-108,-950,13,-17,58,0,80,6
2019/03/07,2165.79,4,-9.81,-0.0045,48589,1107,-5,-1129,379,-229,-542,-304,20,-13,-439,0,18,9
2019/03/06,2175.6,4,-3.63,-0.0017,48280,654,55,-531,41,136,-74,305,-33,9,-916,0,-182,4
2019/03/05,2179.23,4,-11.43,-0.0052,49809,2443,-1577,-919,1068,-135,-512,-586,-14,-19,-718,0,45,7
2019/03/04,2190.66,4,-4.78,-0.0022,64052,403,-1320,766,2942,-564,-888,-381,6,0,-347,0,149,1
2019/02/28,2195.44,4,-39.35,-0.0176,83072,-617,-2532,3169,3873,-441,-178,-333,77,-25,196,0,-15,-3
2019/02/27,2234.79,6,8.19,0.0037,49146,-1115,-572,1518,1791,-147,-622,-53,-16,10,555,0,169,0
2019/02/26,2226.6,4,-5.96,-0.0027,50242,-299,535,-111,12,-113,-91,-164,20,0,226,0,-115,-9
2019/02/25,2232.56,6,2.06,0.0009,46898,91,-795,802,1468,-288,-146,-9,-20,-6,-193,0,-97,0
2019/02/22,2230.5,6,1.84,0.0008,46451,-342,-42,401,568,-39,-42,-446,9,-14,364,0,-14,-2
2019/02/21,2228.66,4,-1.1,-0.0005,54809,-117,2079,-2048,-1306,-177,-228,-81,-17,-58,-177,0,81,4
2019/02/20,2229.76,6,24.13,0.0109,59484,-4300,4363,-76,77,-32,-250,313,0,-62,-121,0,30,-17
2019/02/19,2205.63,4,-5.26,-0.0024,45345,-1388,-67,1419,1092,-116,-409,273,16,-11,573,0,44,-8
2019/02/18,2210.89,6,14.8,0.0067,46681,-3240,456,2663,2625,-164,-366,11,17,-7,546,0,121,0
2019/02/15,2196.09,4,-29.76,-0.0134,50976,1984,-1791,-449,-526,-210,-333,-94,42,1,671,0,241,14
2019/02/14,2225.85,6,24.37,0.0111,64260,-1926,-475,2426,3874,-470,-275,-232,-81,-5,-382,0,-24,0
2019/02/13,2201.48,6,11.01,0.005,55854,-1260,-287,1343,1453,-243,-391,169,-70,1,424,0,223,-18
2019/02/12,2190.47,6,9.74,0.0045,59294,-147,-378,468,1042,-272,-88,-167,17,12,-74,0,53,3
2019/02/11,2180.73,6,3.68,0.0017,53276,1155,-582,-732,598,-745,-592,279,-50,8,-232,0,150,8
2019/02/08,2177.05,4,-26.37,-0.012,57285,3312,-2768,-725,1277,-514,-574,-557,-32,0,-323,0,215,-33
2019/02/07,2203.42,4,-0.04,0,63393,694,1613,-2510,-1487,-310,-434,33,-24,-7,-280,0,208,-7
2019/02/01,2203.46,4,-1.39,-0.0006,68739,-749,2656,-2144,-1155,-238,-111,-18,-34,-29,-557,0,226,10
2019/01/31,2204.85,4,-1.35,-0.0006,77623,-1146,2823,-1743,-222,-153,-567,352,-9,-23,-1120,0,57,8
2019/01/30,2206.2,6,22.84,0.0105,68756,-3272,3138,156,1116,-187,-759,-243,33,-23,221,0,17,-39
2019/01/29,2183.36,6,6.06,0.0028,65045,201,1940,-2078,-1012,-227,-675,-173,0,-847,857,0,-32,-30
2019/01/28,2177.3,4,-0.43,-0.0002,60605,-422,3577,-3050,-1257,-306,-292,-439,-62,-126,-565,0,-99,-4
2019/01/25,2177.73,6,32.7,0.0152,70656,-8833,8214,876,731,-182,-397,422,-12,-71,385,0,-208,-48
2019/01/24,2145.03,6,17.25,0.0081,60358,-1752,4954,-3187,-2042,12,-144,-111,-23,-1,-875,0,-19,4
2019/01/23,2127.78,6,10.01,0.0047,51705,-3472,-976,4457,3838,2,-360,-302,24,2,1251,0,20,-28
2019/01/22,2117.77,4,-6.84,-0.0032,48974,-185,1348,-1242,-305,-191,-550,-428,-67,-2,302,0,84,-5
2019/01/21,2124.61,6,0.33,0.0002,53206,-1396,661,531,163,-123,-350,-117,3,5,952,0,217,-14
2019/01/18,2124.28,6,17.22,0.0082,53561,-2100,1141,996,475,1,-290,-121,-31,13,949,0,-15,-22
2019/01/17,2107.06,6,0.96,0.0005,58577,-132,2352,-2115,-1644,-135,-88,-541,-8,-10,312,0,-95,-9
2019/01/16,2106.1,6,8.92,0.0043,53524,-867,1008,-204,-744,-32,-225,179,-23,-47,690,0,76,-13
2019/01/15,2097.18,6,32.66,0.0158,52369,-4110,1230,2880,582,26,101,149,21,52,1946,0,2,-1
2019/01/14,2064.52,4,-11.05,-0.0053,49410,757,948,-1792,-2152,-108,-181,-155,-16,21,800,0,86,0
2019/01/11,2075.57,6,12.29,0.006,45924,-1277,1776,-804,-1466,-14,-165,-213,-5,11,1049,0,310,-5
2019/01/10,2063.28,4,-1.43,-0.0007,54342,-92,2728,-2619,-2979,12,146,-75,-26,-43,347,0,-20,3
2019/01/09,2064.71,6,39.44,0.0195,55326,-5145,3848,1393,-807,331,741,867,75,5,180,0,-93,-3
2019/01/08,2025.27,4,-11.83,-0.0058,48266,334,-254,-87,-228,45,226,-251,0,1,118,0,9,-1
2019/01/07,2037.1,6,26.85,0.0134,53013,-2045,560,1645,544,-390,816,533,-9,-1,153,0,-158,-1
2019/01/04,2010.25,6,16.55,0.0083,54901,-1044,-1261,2263,568,41,360,229,-48,-15,1127,0,14,27
2019/01/03,1993.7,4,-16.3,-0.0081,53585,616,1015,-1684,-812,88,43,-272,1,-1,-730,0,44,7
2019/01/02,2010,4,-31.04,-0.0152,42958,3092,-275,-3023,-1617,-181,32,-1113,-21,34,-156,0,193,13
2018/12/28,2041.04,6,12.6,0.0062,41206,-343,2025,-1634,-1165,260,242,-186,-207,23,-601,0,-48,0
2018/12/27,2028.44,6,0.43,0.0002,53510,3004,2394,-5459,-5024,30,724,-196,-205,148,-935,0,33,26
2018/12/26,2028.01,4,-27,-0.0131,54240,-4710,609,3791,1939,467,250,975,-131,-307,596,0,347,-38
2018/12/24,2055.01,4,-6.48,-0.0031,38438,-2674,64,2490,917,-294,380,963,-152,-137,813,0,117,2
2018/12/21,2061.49,6,1.37,0.0007,54925,-2543,-2224,4959,3356,41,200,913,-106,-43,598,0,-163,-28
2018/12/20,2060.12,4,-18.72,-0.009,54830,-92,-415,632,427,-271,-108,549,-54,-27,117,0,-122,-2
2018/12/19,2078.84,6,16.73,0.0081,51248,-2549,107,2551,1992,-40,339,320,-79,-5,25,0,-90,-19
2018/12/18,2062.11,4,-8.98,-0.0043,52416,-1550,-1705,3138,2697,230,173,157,-38,-6,-75,0,121,-3
2018/12/17,2071.09,6,1.71,0.0008,47644,-2581,659,2039,2230,463,-354,119,15,12,-448,0,-110,-6
2018/12/14,2069.38,4,-26.17,-0.0125,57842,1829,-921,-1221,-41,-425,-524,-230,-51,32,20,0,297,15
2018/12/13,2095.55,6,12.98,0.0062,79419,-1715,4831,-3119,-2273,8,946,12,115,-16,-1912,0,17,-12
2018/12/12,2082.57,6,29.6,0.0144,56130,-2680,-412,3085,3427,-204,81,-255,-33,11,58,0,23,-16
2018/12/11,2052.97,4,-0.82,-0.0004,50203,619,-1750,1048,3712,-325,-812,-800,-114,37,-649,0,97,-14
2018/12/10,2053.79,4,-21.97,-0.0106,46975,1339,-2719,1171,3315,-122,-511,-1240,-106,-6,-157,0,204,4
2018/12/07,2075.76,6,7.07,0.0034,43188,115,283,-581,1403,-210,-243,-909,-27,96,-257,-433,181,1
2018/12/06,2068.69,4,-32.62,-0.0155,56064,3485,-3840,214,1622,23,-277,-944,-46,8,-372,201,121,19
2018/12/05,2101.31,4,-13.04,-0.0062,48027,1051,-1972,925,1806,-168,-142,-722,-73,-31,-164,421,-9,5
2018/12/04,2114.35,4,-17.58,-0.0082,55395,2198,1230,-3609,-2269,-41,-172,-898,-6,5,-182,-43,176,4
2018/12/03,2131.93,6,35.07,0.0167,55712,-4540,3250,1328,484,175,324,555,-16,-140,357,-412,-15,-22
2018/11/30,2096.86,4,-17.24,-0.0082,73167,1292,-365,293,704,-69,175,-735,-36,-24,-42,320,-1220,0
2018/11/29,2114.1,6,5.88,0.0028,53041,-2715,3259,-552,-854,127,396,-23,-8,-20,182,-352,15,-6
2018/11/28,2108.22,6,8.8,0.0042,47939,-1542,942,281,-129,-50,169,236,-22,19,215,-157,328,-9
2018/11/27,2099.42,6,16.4,0.0079,45546,-2167,1951,193,-1003,12,292,607,4,17,586,-323,20,2
2018/11/26,2083.02,6,25.54,0.0124,44823,-4216,-357,4506,3188,2,-37,479,-29,13,449,440,82,-14
2018/11/23,2057.48,4,-12.47,-0.006,37742,967,368,-1426,-422,159,-162,-836,-31,10,-28,-115,88,3
2018/11/22,2069.95,4,-6.6,-0.0032,41527,1422,-436,-1003,167,-272,-233,-459,-41,16,-40,-139,15,3
2018/11/21,2076.55,4,-6.03,-0.0029,51516,715,-3905,3271,2355,312,274,-93,-11,22,91,320,-79,-2
2018/11/20,2082.58,4,-17.98,-0.0086,50437,298,-2528,897,2669,-18,0,-661,-37,-22,105,-1136,1362,-29
2018/11/19,2100.56,6,8.16,0.0039,47037,-584,-923,1594,1666,-286,186,-25,28,22,78,-76,-83,-2
2018/11/16,2092.4,6,4.34,0.0021,48376,192,-209,91,-950,-72,126,673,-44,-24,470,-86,-77,3
2018/11/15,2088.06,6,20.01,0.0097,48286,-1010,-1696,2720,1347,23,251,648,17,22,49,360,-9,-3
2018/11/14,2068.05,4,-3.18,-0.0015,55619,699,-1322,189,503,-89,-87,-205,-49,110,-195,202,435,-1
2018/11/13,2071.23,4,-9.21,-0.0044,58653,241,-3036,2754,1361,240,230,-341,10,1,182,1069,33,5
2018/11/12,2080.44,4,-5.65,-0.0027,55429,-1157,402,678,785,-214,-347,-469,-46,-8,446,533,94,-17
2018/11/09,2086.09,4,-6.54,-0.0031,52606,2288,480,-3097,-2421,-238,-82,-850,-8,8,200,295,331,-3
2018/11/08,2092.63,6,13.94,0.0067,59875,-2749,4915,-2284,-1594,20,-401,173,-2,15,50,-546,132,-14
2018/11/07,2078.69,4,-10.93,-0.0052,64520,968,-653,-602,-1439,25,404,285,6,-38,887,-734,272,15
2018/11/06,2089.62,6,12.7,0.0061,51435,1717,20,-1875,-818,-137,-299,-433,-9,-81,84,-179,128,9
2018/11/05,2076.92,4,-19.08,-0.0091,49172,5174,-637,-4727,-3698,-214,64,-248,-22,-7,-11,-588,191,0
2018/11/02,2096,6,71.54,0.0353,67980,-4637,4406,125,-2679,170,865,985,113,-39,479,230,104,1
2018/11/01,2024.46,4,-5.23,-0.0026,59658,1087,2928,-4204,-3548,-101,-40,-224,112,-65,73,-408,193,-5
2018/10/31,2029.69,6,15,0.0074,63473,2585,1353,-4123,-5902,86,1986,205,36,-48,428,-917,182,2
2018/10/30,2014.69,6,18.64,0.0093,70220,-3582,-1833,5199,1221,629,395,935,63,-22,2034,-58,245,-28
2018/10/29,1996.05,4,-31.1,-0.0153,63597,-4880,-1607,6363,5456,314,329,219,-190,-8,492,-248,109,14
2018/10/26,2027.15,4,-36.15,-0.0175,66881,572,-1760,1039,1415,307,-94,-715,130,-2,280,-280,139,8
2018/10/25,2063.3,4,-34.28,-0.0163,76077,-2813,-3614,6310,6289,239,-279,299,-145,-136,-409,454,133,-15
2018/10/24,2097.58,4,-8.52,-0.004,64901,-2612,-3285,5809,7312,-115,-141,-264,-87,-98,-691,-103,112,-23
2018/10/23,2106.1,4,-55.61,-0.0257,69957,6413,-5653,-991,1151,-531,-141,-811,60,-101,-524,-93,202,29
2018/10/22,2161.71,6,5.45,0.0025,39104,648,-1109,450,-210,-25,260,290,10,26,-125,225,12,-1
2018/10/19,2156.26,6,7.95,0.0037,48750,-169,-1726,1878,982,89,274,192,-20,21,52,285,5,11
2018/10/18,2148.31,4,-19.2,-0.0089,42291,2641,-536,-2166,-503,-259,-294,-577,-35,177,-544,-129,61,0
2018/10/17,2167.51,6,22.39,0.0104,52849,-50,61,26,-89,91,-98,232,29,24,-75,-87,-40,2
2018/10/16,2145.12,5,0,0,39367,1695,-672,-1271,-950,-63,53,-241,-41,-1,-192,164,240,8
2018/10/15,2145.12,4,-16.73,-0.0077,47089,2989,210,-3270,-2701,35,-239,-610,17,-36,-12,277,56,14
2018/10/12,2161.85,6,32.18,0.0151,60850,-1005,741,-58,-2639,618,583,694,-29,-19,604,127,329,-7
2018/10/11,2129.67,4,-98.94,-0.0444,83356,2164,-4867,2438,2870,164,40,-789,-83,-94,570,-239,232,30
2018/10/10,2228.61,4,-25.22,-0.0112,88364,1007,-2305,1156,2001,-22,-140,-510,-156,49,-199,136,132,8
2018/10/08,2253.83,4,-13.69,-0.006,44787,1329,-1788,318,234,45,309,-218,23,110,189,-375,133,7
2018/10/05,2267.52,4,-6.97,-0.0031,63983,2024,-3317,1115,824,-16,562,201,-42,-5,200,-608,166,10
2018/10/04,2274.49,4,-35.08,-0.0152,76063,5810,-5319,-602,1681,-248,-233,-976,-202,-11,-430,-180,85,25
2018/10/02,2309.57,4,-29.31,-0.0125,63947,3089,-2420,-848,415,64,-373,-562,-1,-23,-429,63,170,9
2018/10/01,2338.88,4,-4.19,-0.0018,55417,1242,-535,-877,-749,-39,368,-169,-27,-8,232,-483,176,-6
2018/09/28,2343.07,4,-12.36,-0.0052,72152,1304,-2245,647,2410,-239,-143,-198,-99,0,-381,-701,296,-3
2018/09/27,2355.43,6,16.26,0.007,72997,-1361,2294,-1297,-484,-408,-303,-67,-14,23,5,-48,376,-11
2018/09/21,2339.17,6,15.72,0.0068,82865,-2020,8245,-771,375,-3307,501,856,-32,6,482,347,-5440,-12
2018/09/20,2323.45,6,14.99,0.0065,64687,-4134,2952,998,-610,-95,88,411,-35,-46,317,969,207,-23
2018/09/19,2308.46,4,-0.52,-0.0002,63826,-1094,3860,137,85,-71,-300,252,-6,20,305,-148,-2907,4
2018/09/18,2308.98,6,5.97,0.0026,57941,-475,-830,995,641,-195,-234,15,-18,-21,276,533,307,2
2018/09/17,2303.01,4,-15.24,-0.0066,50797,690,1767,-2740,-1882,-5,-44,-153,-23,1,324,-957,294,-11
2018/09/14,2318.25,6,32.02,0.014,58392,-4832,2047,2713,57,-10,35,1196,24,30,-154,1532,83,-12
2018/09/13,2286.23,6,3.31,0.0014,65989,388,-2684,1987,4733,111,-255,341,-51,28,-190,-2730,315,-6
2018/09/12,2282.92,4,-0.28,-0.0001,64454,1839,-4154,1987,2234,-404,-277,-49,-62,0,115,431,324,2
2018/09/11,2283.2,4,-5.46,-0.0024,61883,1922,-1889,-429,414,-272,-237,-175,-34,-36,118,-205,398,-1
2018/09/10,2288.66,6,7.08,0.0031,55994,-411,1240,-1239,-787,-157,360,327,-85,-20,22,-897,439,-28
2018/09/07,2281.58,4,-6.03,-0.0026,62637,2195,-7735,5056,4005,-22,-24,370,-61,9,117,661,466,16
2018/09/06,2287.61,4,-4.16,-0.0018,56795,1147,-2923,1133,776,103,-279,117,-16,-42,67,406,651,-8
2018/09/05,2291.77,4,-23.95,-0.0103,53904,2473,-980,-1967,-860,-249,-337,-514,25,-39,122,-112,465,8
2018/09/04,2315.72,6,8.69,0.0038,45512,-339,220,-132,-482,-102,-94,215,7,-3,41,285,253,-1
2018/09/03,2307.03,4,-15.85,-0.0068,40965,2376,-2159,-726,65,-126,-241,-583,-58,-15,151,82,523,-13
2018/08/31,2322.88,6,15.53,0.0067,55258,-1686,3966,-2642,-2067,-15,-26,-92,49,-25,44,-509,362,0
2018/08/30,2307.35,4,-1.68,-0.0007,52523,660,2214,-3214,-2465,-135,-41,-457,54,-21,401,-550,331,8
2018/08/29,2309.03,6,5.91,0.0026,48077,-2216,1149,4282,4411,88,-265,186,17,-24,325,-458,-3211,-4
2018/08/28,2303.12,6,3.82,0.0017,55031,-1646,1431,-449,-84,-195,-189,-109,-97,-62,-40,331,670,-6
2018/08/27,2299.3,6,6.09,0.0027,57663,-2426,2383,-431,-66,-102,-72,-144,24,-54,-65,50,484,-10
2018/08/24,2293.21,6,10.61,0.0046,51369,-1995,784,581,-335,-43,154,293,-33,8,205,332,643,-14
2018/08/23,2282.6,6,9.27,0.0041,52382,-448,1736,-1932,-882,50,-72,-430,2,21,-359,-262,629,14
2018/08/22,2273.33,6,3.27,0.0014,54250,1367,2081,-4206,-2808,97,159,-304,-18,-7,-781,-542,755,0
2018/08/21,2270.06,6,22.18,0.0099,51829,-1511,1068,-171,-1523,79,422,387,19,15,332,95,618,-4
2018/08/20,2247.88,6,0.83,0.0004,44189,-97,-555,86,330,-135,-132,-117,-63,-10,-89,304,559,6
2018/08/17,2247.05,6,6.25,0.0028,46452,859,1026,-2534,-1625,170,-115,145,-11,-5,-99,-992,655,-7
2018/08/16,2240.8,4,-18.11,-0.008,60216,1783,-2422,-69,378,145,-144,-251,0,-179,-313,295,703,5
2018/08/14,2258.91,6,10.46,0.0047,48720,-1320,-87,918,1061,285,-55,169,44,-73,-486,-26,522,-33
2018/08/13,2248.45,4,-34.34,-0.015,59500,1029,-1739,150,1462,-309,-244,-428,-63,-122,-973,830,558,1
2018/08/10,2282.79,4,-20.92,-0.0091,61862,1518,-1121,-857,-118,-234,-287,85,-30,-120,-521,372,485,-25
2018/08/09,2303.71,6,2.26,0.001,59858,139,-2238,1427,2967,-54,-109,99,-50,30,-1029,-426,676,-4
2018/08/08,2301.45,6,1.29,0.0006,55181,-1248,3579,-1156,-1345,30,-42,498,42,0,-346,6,-1180,5
2018/08/07,2300.16,6,13.66,0.006,47485,-62,578,-1097,-801,-24,169,293,39,-34,-584,-154,582,-1
2018/08/06,2286.5,4,-1.18,-0.0005,46073,178,17,-670,533,-155,-172,-51,1,-15,-876,66,450,23
2018/08/03,2287.68,6,17.48,0.0077,43125,-886,1439,-803,-856,54,20,405,7,17,-92,-359,256,-5
2018/08/02,2270.2,4,-36.87,-0.016,50428,3739,-479,-3750,-1645,-197,-271,-128,43,27,-468,-1110,501,-10
2018/08/01,2307.07,6,11.81,0.0051,48328,-650,1714,-1416,-1141,190,189,121,1,-6,-446,-324,342,10
2018/07/31,2295.26,6,1.75,0.0008,48784,-317,-711,798,542,-136,332,167,7,13,-202,73,268,-37
2018/07/30,2293.51,4,-1.48,-0.0006,45523,31,1614,-2001,-1863,-95,63,143,-22,-2,66,-290,348,7
2018/07/27,2294.99,6,5.93,0.0026,50915,-844,1632,-798,28,62,-23,-576,0,-22,-532,264,17,-5
2018/07/26,2289.06,6,16.03,0.0071,63571,-1705,1284,403,83,-131,155,354,14,0,-432,358,25,-8
2018/07/25,2273.03,4,-7.17,-0.0031,61426,-1282,-1495,2784,1990,291,570,-549,111,-2,-56,427,-15,9
2018/07/24,2280.2,6,10.89,0.0048,58319,-3043,634,2397,2206,65,188,196,0,-15,-216,-29,14,-3
2018/07/23,2269.31,4,-19.88,-0.0087,55494,-1417,-313,2330,4771,-240,-386,-906,-65,-30,-837,26,-587,-10
2018/07/20,2289.19,6,6.9,0.003,49106,526,-1212,649,1520,18,-436,-100,-15,-9,-527,199,36,0
2018/07/19,2282.29,4,-7.82,-0.0034,54311,-320,518,-187,-17,50,122,218,-3,-25,-424,-107,-16,6
2018/07/18,2290.11,4,-7.81,-0.0034,50322,1637,914,-2638,-1432,-147,-177,-218,11,-4,-198,-471,76,11
2018/07/17,2297.92,4,-4.07,-0.0018,48978,1342,-890,521,279,14,20,310,-74,-30,-255,256,-976,2
2018/07/16,2301.99,4,-8.91,-0.0039,49689,2883,-456,-2656,-1141,-198,-122,-551,-43,30,-634,4,225,4
2018/07/13,2310.9,6,25.84,0.0113,65007,-1374,2248,-940,-634,-95,-131,207,-60,33,-512,252,76,-9
2018/07/12,2285.06,6,4.44,0.0019,61576,880,-177,-857,-483,149,248,-74,28,-28,-557,-141,156,-1
2018/07/11,2280.62,4,-13.54,-0.0059,57009,1350,2015,-1251,-709,23,175,249,25,-6,81,-1090,-2117,2
2018/07/10,2294.16,6,8.36,0.0037,50388,193,317,-1157,-321,409,228,343,14,-2,95,-1925,634,11
2018/07/09,2285.8,6,12.93,0.0057,57963,-752,-592,1222,2437,-135,-269,62,24,-10,-364,-521,123,-1
2018/07/06,2272.87,6,15.32,0.0068,63583,-1029,-3811,4589,2458,78,558,790,88,-35,312,337,260,-8
2018/07/05,2257.55,4,-7.91,-0.0035,51665,318,-952,455,815,-32,-385,315,-38,-68,-401,250,173,5
2018/07/04,2265.46,4,-7.3,-0.0032,48809,1292,1,-1535,-496,-26,51,-290,-19,-56,-647,-49,233,8
2018/07/03,2272.76,6,1.22,0.0005,60020,-467,2013,-1794,34,102,-183,-260,-197,-165,-1383,259,243,4
2018/07/02,2271.54,4,-54.59,-0.0235,59900,2427,1154,-4009,-1759,-322,-272,-630,-114,-53,-512,-343,426,1
2018/06/29,2326.13,6,11.89,0.0051,63097,-553,1666,-1397,-2645,167,829,556,17,12,265,-600,298,-13
2018/06/28,2314.24,4,-27.79,-0.0119,57753,1129,-2880,1408,1020,13,30,-1,-48,7,-233,618,351,-8
2018/06/27,2342.03,4,-8.89,-0.0038,70073,802,1579,-2660,-1441,244,-59,-193,-37,26,-380,-819,270,7
2018/06/26,2350.92,4,-6.96,-0.003,65362,1168,-3227,2678,3463,-21,-43,443,9,23,-41,-1155,-610,-9
2018/06/25,2357.88,6,0.66,0.0003,56838,87,-1111,1001,830,98,-195,783,37,28,99,-680,11,11
2018/06/22,2357.22,6,19.39,0.0083,66042,-88,56,-246,-38,272,-19,518,104,4,-303,-784,274,3
2018/06/21,2337.83,4,-26.08,-0.011,67846,4107,-1293,-3036,-2409,-62,-316,-158,-108,55,153,-190,212,11
2018/06/20,2363.91,6,23.8,0.0102,69869,-1178,1144,-174,-522,316,125,390,-115,268,-166,-470,216,-7
2018/06/19,2340.11,4,-36.13,-0.0152,79946,1405,-2153,318,1859,-295,4,-429,-152,-78,-303,-285,426,2
2018/06/18,2376.24,4,-27.8,-0.0116,85935,-1123,-3195,4292,5140,109,-21,-827,-121,-21,-141,175,37,-10
2018/06/15,2404.04,4,-19.44,-0.008,90898,2670,-5492,2758,1974,-121,-365,-128,9,23,53,1312,71,-6
2018/06/14,2423.48,4,-45.35,-0.0184,97543,5020,-4766,-537,2650,3,-591,-1017,60,5,-829,-820,219,63
2018/06/12,2468.83,4,-1.32,-0.0005,96152,-93,-1260,1258,2035,-456,-238,232,-11,-12,-337,47,58,37
2018/06/11,2470.15,6,18.57,0.0076,70255,-2575,-108,2815,1265,-23,108,338,-195,-5,-316,1645,-134,2
2018/06/08,2451.58,4,-19,-0.0077,76727,5014,1293,-6616,-4168,-203,-811,-515,9,35,47,-1008,297,10
2018/06/07,2470.58,6,16.82,0.0069,80607,-3160,1399,1722,785,72,144,-5,10,26,-52,740,58,-20
2018/06/05,2453.76,6,6,0.0025,73448,919,-89,-949,-1311,151,300,58,18,14,292,-474,116,2
2018/06/04,2447.76,6,8.8,0.0036,77707,-911,160,547,-483,92,498,256,-7,111,118,-38,187,16
2018/06/01,2438.96,6,15.95,0.0066,87674,-1314,2408,-1234,-1684,-108,663,9,52,-41,32,-157,159,-19
2018/05/31,2423.01,6,13.98,0.0058,132521,2412,9500,-12383,-1034,-12796,-173,623,61,64,538,333,464,6
2018/05/30,2409.03,4,-48.22,-0.0196,89994,10151,-6904,-4069,-3437,581,-432,-262,37,82,-95,-542,775,47
2018/05/29,2457.25,4,-21.71,-0.0088,85328,3114,-2284,-1204,-792,54,-549,-70,-223,99,702,-424,384,-9
2018/05/28,2478.96,6,18.16,0.0074,98412,2648,-1610,-1384,-518,39,-103,-581,-106,-46,-222,154,354,-7
2018/05/25,2460.8,4,-5.21,-0.0021,90785,-4809,3339,1206,-474,166,112,220,167,-83,1170,-73,293,-29
2018/05/24,2466.01,4,-5.9,-0.0024,67662,850,330,-2057,-900,-5,-386,-530,2,-5,-34,-196,878,-2
2018/05/23,2471.91,6,6.34,0.0026,92620,-712,2754,-2621,-2809,-245,253,231,-103,-66,488,-371,596,-17
2018/05/21,2465.57,6,4.92,0.002,62984,68,-761,332,452,-33,301,-668,-146,53,454,-80,360,0
2018/05/18,2460.65,6,12.2,0.005,64630,-1540,-384,1513,679,2,280,196,-58,-36,338,108,414,-2
2018/05/17,2448.45,4,-11.37,-0.0046,81905,1455,-2707,1057,984,-68,53,-348,-83,-54,361,214,183,12
2018/05/16,2459.82,6,1.28,0.0005,98171,-1750,110,2485,758,116,-343,-49,-61,-95,1552,609,-847,1
2018/05/15,2458.54,4,-17.57,-0.0071,94463,3949,-2401,-1969,-1100,-109,2,-150,-108,-41,24,-485,402,19
2018/05/14,2476.11,4,-1.6,-0.0006,95631,-1011,-955,1692,1927,-5,297,-228,-95,0,127,-331,266,8
2018/05/11,2477.71,6,13.55,0.0055,75887,-4180,1995,1855,820,194,-339,-336,56,-4,577,885,334,-5
2018/05/10,2464.16,6,20.18,0.0083,88704,-729,-400,806,1402,112,-673,-169,-49,9,345,-171,332,-8
2018/05/09,2443.98,4,-5.83,-0.0024,90694,-413,-2284,2408,1861,149,-104,-61,-33,-3,436,164,307,-18
2018/05/08,2449.81,4,-11.57,-0.0047,96307,1015,-322,-1252,76,-99,-984,-724,-15,55,359,79,571,-11
2018/05/04,2461.38,4,-25.87,-0.0104,108165,7639,-226,-7255,-4044,-414,-1982,-936,-113,-2,164,73,-159,1
2018/05/03,2487.25,4,-18.36,-0.0073,78660,2596,-3232,188,86,-86,129,-81,-38,-25,49,154,454,-6
2018/05/02,2505.61,4,-9.77,-0.0039,117122,2790,-1667,-1202,-639,-165,-108,-425,-66,-14,169,48,43,35
2018/04/30,2515.38,6,22.98,0.0092,94602,-1891,2430,-112,-376,-110,360,226,-70,-23,-34,-83,-428,1
2018/04/27,2492.4,6,16.76,0.0068,82992,2576,1599,-4116,-1535,-467,-1394,-752,-62,-49,503,-357,-71,11
2018/04/26,2475.64,6,26.83,0.011,79217,14,1721,-1654,-985,250,-572,-395,-38,-46,137,-3,-69,-12
2018/04/25,2448.81,4,-15.33,-0.0062,75279,6137,-7656,69,-642,143,406,-473,-31,-26,990,-297,1412,37
2018/04/24,2464.14,4,-9.97,-0.004,83008,2707,-4389,1683,1250,214,-34,104,11,-15,593,-441,-3,2
2018/04/23,2474.11,4,-2.22,-0.0009,93726,3143,-2932,92,334,-3,341,-262,-54,-38,236,-461,-289,-13
2018/04/20,2476.33,4,-9.77,-0.0039,78415,3422,-4910,1611,1249,19,-133,-532,-58,-29,312,784,-150,26
2018/04/19,2486.1,6,6.12,0.0025,101183,645,1815,-2405,-1057,113,-527,-459,18,-116,-62,-315,-54,-1
2018/04/18,2479.98,6,26.21,0.0107,82043,-3882,3510,524,787,268,-371,523,5,-38,-189,-459,-81,-71
2018/04/17,2453.77,4,-3.72,-0.0015,63606,2220,-2766,486,550,-210,-270,134,-15,-15,239,74,53,6
2018/04/16,2457.49,6,2.42,0.001,62207,657,-371,-108,325,-203,164,-256,17,58,-126,-87,-183,5
2018/04/13,2455.07,6,12.36,0.0051,69239,-35,528,-469,-1984,220,191,3,21,28,392,657,-37,14
2018/04/12,2442.71,4,-1.51,-0.0006,81528,-730,2323,-1518,-2234,105,95,75,97,-23,429,-63,-96,22
2018/04/11,2444.22,4,-6.52,-0.0027,74681,1980,4644,-980,-1735,-9,258,-102,-11,46,1113,-540,-5640,-4
2018/04/10,2450.74,6,6.66,0.0027,75201,326,-1183,1108,293,163,188,321,18,-43,271,-105,-228,-23
2018/04/09,2444.08,6,14.5,0.006,66073,-557,-550,1140,765,-78,-81,58,-15,3,139,348,-17,-14
2018/04/06,2429.58,4,-7.94,-0.0033,73010,2289,-2364,194,741,-81,-183,-546,31,-36,-294,563,-91,-27
2018/04/05,2437.52,6,29.46,0.0122,75669,-2735,1452,1202,-98,63,294,5,68,60,348,460,58,22
2018/04/04,2408.06,4,-34.37,-0.0141,80920,5285,-1969,-3489,-2729,-136,249,53,-8,-11,35,-943,193,-19
2018/04/03,2442.43,4,-1.73,-0.0007,79500,1289,-1049,-164,239,32,230,115,-9,-45,-370,-357,-60,-14
2018/04/02,2444.16,4,-1.69,-0.0007,68416,738,-256,-216,208,-177,89,155,-31,12,-315,-158,-252,-12
2018/03/30,2445.85,6,9.48,0.0039,64344,-1153,-1683,2966,1850,25,261,489,-19,-38,283,115,-95,-33
2018/03/29,2436.37,6,17.08,0.0071,72567,5777,-2700,338,-21,-184,436,38,19,13,-566,603,-3412,-4
2018/03/28,2419.29,4,-32.77,-0.0134,77610,2766,-2514,-330,-1335,-87,742,-320,275,-51,473,-26,27,51
2018/03/27,2452.06,6,14.98,0.0061,63055,-897,93,762,494,146,-102,15,61,43,72,30,-8,50
2018/03/26,2437.08,6,20.32,0.0084,59286,519,-1017,464,-272,314,-105,78,-54,-11,16,500,25,7
2018/03/23,2416.76,4,-79.26,-0.0318,79314,7517,-1332,-6437,-3701,-16,-283,-927,15,-77,-79,-1367,236,15
2018/03/22,2496.02,6,11.05,0.0044,71787,-2986,2118,820,1561,-283,-15,-154,44,-15,415,-732,84,-36
2018/03/21,2484.97,4,-0.55,-0.0002,59255,-637,-682,1299,1277,-127,-141,-296,-30,14,134,468,-6,25
2018/03/20,2485.52,6,10.49,0.0042,53841,62,-1231,1046,1173,-58,-508,-326,159,-4,135,476,125,-3
2018/03/19,2475.03,4,-18.94,-0.0076,59945,1482,-845,-530,-22,-66,-311,-84,11,24,138,-221,-119,12
2018/03/16,2493.97,6,1.59,0.0006,65664,12,1664,-596,-361,-18,3,-132,93,-2,222,-399,-1053,-26
2018/03/15,2492.38,6,6.3,0.0025,60658,194,-399,296,-373,-243,-491,217,128,-9,649,417,-70,-21
2018/03/14,2486.08,4,-8.41,-0.0034,63797,2840,-1272,-1429,-1095,-524,-561,-123,-68,2,70,871,-116,-22
2018/03/13,2494.49,6,10.37,0.0042,78287,-3103,5923,-2649,-1894,-272,-659,165,10,-13,385,-371,-64,-105
2018/03/12,2484.12,6,24.67,0.01,65706,-2917,1935,1008,119,-252,808,-219,124,18,18,390,-29,2
2018/03/09,2459.45,6,26.37,0.0108,85736,-4900,1960,2915,1025,36,947,-96,178,-64,-11,900,-4,28
2018/03/08,2433.08,6,31.26,0.013,90530,-4264,-1754,5948,4814,789,-818,348,-34,3,636,209,58,12
2018/03/07,2401.82,4,-9.59,-0.004,89566,3584,-2574,-1036,-1041,167,-529,176,70,23,609,-512,46,-20
2018/03/06,2411.41,6,36.35,0.0153,65985,-1713,134,1607,-296,106,177,950,106,25,-35,573,-25,-4
2018/03/05,2375.06,4,-27.1,-0.0113,57850,3204,-902,-2135,-1682,75,39,-755,34,-37,177,12,-179,13
2018/03/02,2402.16,4,-25.2,-0.0104,60778,5344,-2327,-2731,-3013,459,-140,-237,63,-2,7,131,-285,0
2018/02/28,2427.36,4,-28.78,-0.0117,71683,1074,1439,-2645,-2296,430,316,-645,-22,-9,367,-785,133,-2
2018/02/27,2456.14,4,-1.51,-0.0006,56741,-1894,57,2044,880,288,294,187,-71,-2,674,-206,-194,-13
2018/02/26,2457.65,6,6.13,0.0025,56060,-1372,-1813,3518,2736,197,89,192,-29,-1,101,231,-321,-10
2018/02/23,2451.52,6,37.24,0.0154,53870,-5229,1576,3766,2573,102,232,312,28,-34,160,392,-92,-20
2018/02/22,2414.28,4,-15.37,-0.0063,49820,1995,-975,-1073,-1423,-95,-107,50,-12,5,283,226,54,-1
2018/02/21,2429.65,6,14.53,0.006,60742,73,-992,1143,-427,82,-113,-264,53,19,1703,90,-201,-23
2018/02/20,2415.12,4,-27.7,-0.0113,51466,2549,290,-2977,-1571,-365,-21,-410,-47,-104,74,-531,138,0
2018/02/19,2442.82,6,20.99,0.0087,58434,-730,285,345,814,-187,77,291,78,-49,-489,-188,120,-21
2018/02/14,2421.83,6,26.64,0.0111,59702,-2053,1067,1109,541,68,-264,710,36,5,-724,736,-91,-32
2018/02/13,2395.19,6,9.81,0.0041,73330,-1660,3314,-1858,-2264,139,486,736,-42,-18,-696,-200,222,-17
2018/02/12,2385.38,6,21.61,0.0091,66310,971,-801,-174,-2790,412,1087,466,16,-16,-566,1216,-6,12
2018/02/09,2363.77,4,-43.85,-0.0182,85240,2760,-3170,203,-2179,80,1179,88,-403,-1,721,717,187,18
2018/02/08,2407.62,6,11.06,0.0046,72751,2436,884,-3482,-6159,308,2093,-208,-54,9,406,122,138,23
2018/02/07,2396.56,4,-56.75,-0.0231,83693,9263,-1961,-7395,-7141,342,553,-255,-31,-53,-314,-495,45,46
2018/02/06,2453.31,4,-38.44,-0.0154,95665,1564,-2812,1078,-2176,625,1274,174,0,83,562,534,166,2
2018/02/05,2491.75,4,-33.64,-0.0133,80960,4955,-4554,-418,-931,588,1190,311,-67,-28,-1329,-151,17,1
2018/02/02,2525.39,4,-43.15,-0.0168,82607,7373,-4728,-2809,-1198,73,385,-273,-42,-41,-959,-754,76,88
2018/02/01,2568.54,6,2.08,0.0008,80530,2170,-2718,293,932,229,-122,-82,37,19,-242,-478,258,-4
2018/01/31,2566.46,4,-1.28,-0.0005,108426,7940,-6630,-1843,-651,191,497,-278,-22,-24,-2087,530,545,-12
2018/01/30,2567.74,4,-30.45,-0.0117,78779,2533,-1174,-1432,-828,-1,759,-817,-21,-57,43,-509,121,-47
2018/01/29,2598.19,6,23.43,0.0091,79081,-7116,3246,3613,1207,1484,349,335,39,-73,496,-226,276,-20
2018/01/26,2574.76,6,12.53,0.0049,76735,-3852,1831,1168,1832,1219,-1126,-239,-203,-56,-121,-136,876,-23
2018/01/25,2562.23,6,24.23,0.0095,78675,-7154,3772,2999,3238,48,-885,196,-32,-12,-52,499,401,-18
2018/01/24,2538,6,1.4,0.0006,67647,-2813,-142,2443,3594,-304,193,-646,-81,-56,-706,449,530,-17
2018/01/23,2536.6,6,34.49,0.0138,68384,-5925,2162,3405,2564,136,372,307,75,63,-771,656,360,-2
2018/01/22,2502.11,4,-18.15,-0.0072,63853,2471,-1765,-735,-1124,-71,836,-375,-139,16,507,-383,25,3
2018/01/19,2520.26,6,4.45,0.0018,62630,-91,-808,414,-361,28,392,-160,9,-19,-84,610,490,-5
2018/01/18,2515.81,6,0.38,0.0002,64476,915,933,-2234,-1325,-68,263,-452,61,19,-256,-475,369,15
2018/01/17,2515.43,4,-6.31,-0.0025,63257,1733,657,-2882,-555,-178,-698,-1239,-67,10,-42,-110,469,22
2018/01/16,2521.74,6,18.01,0.0072,69136,-2777,2798,-248,-42,101,-38,572,-124,45,-355,-407,257,-30
2018/01/15,2503.73,6,7.31,0.0029,61186,-698,243,145,66,12,301,177,-26,129,-733,218,308,0
2018/01/12,2496.42,6,8.51,0.0034,87721,-871,-1178,1643,958,-139,465,98,-74,-50,175,209,403,2
2018/01/11,2487.91,4,-11.84,-0.0047,77893,3169,1742,-5447,-3106,549,-562,-21,-109,-1036,-632,-527,522,13
2018/01/10,2499.75,4,-10.48,-0.0042,85779,1302,-2803,993,1378,-515,26,-60,-41,163,-223,265,492,14
2018/01/09,2510.23,4,-3.05,-0.0012,73455,-2605,436,2121,1186,-73,-338,377,33,16,487,431,46,1
2018/01/08,2513.28,6,15.76,0.0063,64048,-3511,3910,-873,-840,45,-481,706,-25,-89,-116,-70,476,-2
2018/01/05,2497.52,6,31.06,0.0126,63175,-3704,2465,1021,-1188,475,520,176,52,-7,512,480,225,-8
2018/01/04,2466.46,4,-19.89,-0.008,68962,442,3395,-3844,-3617,63,196,-48,-61,56,-133,-300,43,-36
2018/01/03,2486.35,6,6.7,0.0027,60196,-241,4006,-3980,-4629,271,471,-125,68,-21,201,-216,229,-13
2018/01/02,2479.65,6,12.16,0.0049,47863,-267,2657,-2762,-1847,149,-340,-404,-64,72,92,-418,395,-23
